transaction_id,target,transaction_amount,merchant_country,cardholder_country,is_foreign,transaction_hour,account_age_days,days_since_last,txn_count_30days,high_risk_amount,high_risk_country,new_account,dormant_reactivation
1,0,116,US,US,0,10,3611,56,2,0,0,0,0
2,0,62,US,US,0,19,2095,22,1,0,0,0,0
3,1,777,TH,US,1,11,397,6,28,0,1,0,0
4,1,479,US,US,0,18,28,6,9,0,0,1,0
5,0,97,US,US,0,21,646,30,3,0,0,0,0
6,1,3627,PH,US,1,18,784,5,8,1,1,0,0
7,0,105,US,US,0,13,2892,16,1,0,0,0,0
8,0,114,US,US,0,10,2159,90,1,0,0,0,1
9,0,61,US,US,0,2,1918,54,2,0,0,0,0
10,1,373,BR,US,1,21,886,1,4,0,1,0,0
11,0,53,US,US,0,16,2779,8,4,0,0,0,0
12,1,164,CN,US,1,2,1331,6,21,0,1,0,0
13,0,30,US,US,0,13,1,87,7,0,0,1,0
14,1,519,ID,US,1,1,1516,4,19,0,1,0,0
15,1,2239,BR,US,1,10,95,29,11,1,1,0,0
16,1,367,KP,US,1,2,28,5,26,0,1,1,0
17,0,67,US,US,0,20,1904,54,3,0,0,0,0
18,0,75,US,US,0,8,1823,6,4,0,0,0,0
19,0,880,US,US,0,10,2,40,14,0,0,1,0
20,1,178,RU,US,1,1,18,6,3,0,1,1,0
21,0,133,DE,US,1,11,29,9,1,0,0,1,0
22,1,453,KP,US,1,3,1182,4,9,0,1,0,0
23,1,65,US,US,0,18,15,5,16,0,0,1,0
24,0,68,US,GB,1,5,2146,36,4,0,0,0,0
25,0,74,US,US,0,16,974,12,9,0,0,0,0
26,1,535,BR,US,1,2,90,4,7,0,1,0,0
27,0,31,US,US,0,9,3511,90,2,0,0,0,1
28,0,42,US,US,0,18,1721,51,4,0,0,0,0
29,0,77,US,US,0,13,2811,35,12,0,0,0,0
30,1,2040,ID,US,1,3,22,2,6,1,1,1,0
31,0,65,US,US,0,15,976,53,9,0,0,0,0
32,0,41,US,US,0,14,430,20,1,0,0,0,0
33,0,251,US,CA,1,13,1050,84,3,0,0,0,1
34,0,64,US,GB,1,17,2659,41,1,0,0,0,0
35,1,2206,BR,US,1,18,23,58,1,1,1,1,0
36,0,68,US,US,0,8,663,87,2,0,0,0,1
37,0,94,US,US,0,22,898,38,3,0,0,0,0
38,0,56,US,US,0,19,1,57,3,0,0,1,0
39,1,97,KP,US,1,21,802,1,3,0,1,0,0
40,0,88,US,US,0,9,3137,6,1,0,0,0,0
41,0,190,US,US,0,10,3323,16,12,0,0,0,0
42,0,127,US,US,0,12,29,79,4,0,0,1,0
43,0,32,US,US,0,2,3285,75,14,0,0,0,1
44,1,2769,CN,US,1,18,27,7,8,1,1,1,0
45,0,444,US,US,0,9,5,58,4,0,0,1,0
46,0,40,US,US,0,21,22,46,9,0,0,1,0
47,1,120,PH,US,1,1,13,43,15,0,1,1,0
48,1,1753,CN,US,1,0,14,20,7,1,1,1,0
49,0,84,US,US,0,3,78,40,13,0,0,0,0
50,0,62,US,US,0,20,2,11,2,0,0,1,0
51,0,63,US,US,0,16,1112,82,1,0,0,0,1
52,1,1446,VN,US,1,2,1019,5,9,0,1,0,0
53,1,21,PH,US,1,21,25,3,23,0,1,1,0
54,0,626,US,US,0,18,3501,3,9,0,0,0,0
55,0,51,US,US,0,16,853,89,11,0,0,0,1
56,0,166,US,US,0,21,8,75,13,0,0,1,0
57,0,41,MX,US,1,11,434,21,1,0,0,0,0
58,0,57,US,US,0,20,894,50,2,0,0,0,0
59,0,101,US,US,0,8,30,29,5,0,0,1,0
60,0,281,US,US,0,8,3578,65,6,0,0,0,1
61,0,469,US,US,0,13,1868,60,5,0,0,0,0
62,1,1523,US,US,0,22,1235,7,19,1,0,0,0
63,1,130,US,US,0,19,788,16,17,0,0,0,0
64,0,44,US,US,0,15,3389,39,12,0,0,0,0
65,1,1166,US,US,0,21,11,4,18,0,0,1,0
66,1,70,NG,US,1,2,6,33,2,0,1,1,0
67,0,58,KR,US,1,14,4,72,1,0,0,1,0
68,0,125,US,US,0,19,2514,28,15,0,0,0,0
69,1,149,TH,US,1,14,4,2,10,0,1,1,0
70,1,37,ID,US,1,22,3,7,22,0,1,1,0
71,0,100,US,US,0,22,2874,1,11,0,0,0,0
72,1,166,VN,US,1,2,711,27,15,0,1,0,0
73,1,36,US,US,0,0,1099,6,1,0,0,0,0
74,1,49,US,US,0,9,266,13,14,0,0,0,0
75,1,88,BR,US,1,3,3,3,4,0,1,1,0
76,0,41,US,US,0,15,3561,47,10,0,0,0,0
77,0,47,US,US,0,9,1164,66,2,0,0,0,1
78,0,47,US,US,0,2,1083,53,5,0,0,0,0
79,0,68,US,US,0,11,1504,25,5,0,0,0,0
80,1,92,TH,US,1,0,1459,39,19,0,1,0,0
81,0,58,US,US,0,21,3131,11,7,0,0,0,0
82,0,94,US,US,0,1,3063,66,5,0,0,0,1
83,0,46,GB,US,1,15,1075,61,1,0,0,0,1
84,0,62,US,US,0,8,9,80,3,0,0,1,0
85,1,4256,ID,US,1,22,1747,2,5,1,1,0,0
86,0,141,US,US,0,13,308,44,15,0,0,0,0
87,0,18,AU,US,1,10,611,7,3,0,0,0,0
88,1,149,US,US,0,18,616,2,5,0,0,0,0
89,0,50,US,US,0,8,214,3,6,0,0,0,0
90,1,67,KP,US,1,15,459,3,14,0,1,0,0
91,1,137,NG,US,1,22,17,2,1,0,1,1,0
92,1,905,NG,US,1,10,2,21,2,0,1,1,0
93,0,3,US,US,0,5,3228,73,15,0,0,0,1
94,0,80,US,US,0,10,3127,73,1,0,0,0,1
95,0,11,US,US,0,16,2129,68,2,0,0,0,1
96,0,64,US,US,0,15,3474,45,5,0,0,0,0
97,0,144,US,GB,1,20,944,36,4,0,0,0,0
98,0,29,US,US,0,18,4,56,1,0,0,1,0
99,0,42,US,US,0,19,504,74,4,0,0,0,1
100,0,414,US,US,0,21,2819,40,9,0,0,0,0
101,0,212,US,US,0,0,2471,54,9,0,0,0,0
102,0,82,US,US,0,8,1002,49,9,0,0,0,0
103,1,1671,US,US,0,3,1028,1,6,1,0,0,0
104,0,62,US,US,0,15,11,22,9,0,0,1,0
105,0,39,US,US,0,9,2755,56,12,0,0,0,0
106,1,586,NG,US,1,14,3,28,29,0,1,1,0
107,1,2158,US,US,0,19,11,1,27,1,0,1,0
108,0,35,US,US,0,11,1892,43,5,0,0,0,0
109,1,1412,US,US,0,2,724,1,16,0,0,0,0
110,1,123,ID,US,1,17,8,4,3,0,1,1,0
111,1,65,US,US,0,20,16,5,5,0,0,1,0
112,1,2340,KP,US,1,0,566,55,10,1,1,0,0
113,0,58,US,US,0,14,970,51,3,0,0,0,0
114,0,50,US,US,0,2,1874,10,4,0,0,0,0
115,1,4190,CN,US,1,10,15,4,24,1,1,1,0
116,0,94,KR,US,1,9,490,30,4,0,0,0,0
117,0,13,US,GB,1,23,1774,32,2,0,0,0,0
118,0,65,US,US,0,3,1855,11,1,0,0,0,0
119,0,46,US,US,0,17,650,20,3,0,0,0,0
120,0,62,US,US,0,14,548,15,1,0,0,0,0
121,0,53,US,US,0,3,768,67,1,0,0,0,1
122,0,69,US,US,0,13,3236,64,3,0,0,0,1
123,0,39,US,US,0,21,2118,74,14,0,0,0,1
124,0,12,US,US,0,22,8,39,3,0,0,1,0
125,0,65,US,US,0,8,1609,44,15,0,0,0,0
126,1,88,US,US,0,2,1529,23,5,0,0,0,0
127,0,62,US,US,0,10,1744,39,2,0,0,0,0
128,0,41,US,US,0,13,1683,6,4,0,0,0,0
129,1,1560,CN,US,1,1,450,5,12,1,1,0,0
130,0,256,US,US,0,20,15,13,5,0,0,1,0
131,0,23,KR,US,1,18,11,61,10,0,0,1,0
132,1,2615,PH,US,1,14,1259,12,3,1,1,0,0
133,1,160,CN,US,1,0,1732,4,1,0,1,0,0
134,0,71,US,US,0,21,1262,33,8,0,0,0,0
135,1,531,US,US,0,20,3,37,26,0,0,1,0
136,0,30,US,US,0,10,2509,45,11,0,0,0,0
137,0,234,US,US,0,21,1275,22,12,0,0,0,0
138,1,37,US,US,0,19,598,7,25,0,0,0,0
139,0,75,GB,US,1,9,1435,84,5,0,0,0,1
140,0,62,US,US,0,9,8,12,1,0,0,1,0
141,1,176,BR,US,1,23,17,39,30,0,1,1,0
142,0,199,US,US,0,19,3279,58,13,0,0,0,0
143,0,145,US,US,0,1,1375,57,10,0,0,0,0
144,1,214,US,US,0,13,1681,44,6,0,0,0,0
145,1,549,ID,US,1,13,7,7,9,0,1,1,0
146,0,122,US,US,0,9,881,47,9,0,0,0,0
147,0,162,US,US,0,15,9,85,1,0,0,1,0
148,0,59,US,US,0,22,2793,82,4,0,0,0,1
149,0,63,US,US,0,20,486,80,15,0,0,0,1
150,0,41,US,US,0,16,1359,90,12,0,0,0,1
151,0,70,US,US,0,13,2601,90,4,0,0,0,1
152,1,261,BR,US,1,2,16,5,14,0,1,1,0
153,0,98,US,US,0,14,1564,66,15,0,0,0,1
154,1,1886,US,US,0,3,1478,2,3,1,0,0,0
155,0,24,US,US,0,12,18,55,5,0,0,1,0
156,0,488,US,US,0,8,2101,55,7,0,0,0,0
157,0,72,US,US,0,15,3061,31,5,0,0,0,0
158,1,70,CN,US,1,16,22,37,5,0,1,1,0
159,0,42,AU,US,1,0,1566,13,4,0,0,0,0
160,0,164,US,US,0,12,1879,41,14,0,0,0,0
161,0,45,US,US,0,22,1095,40,10,0,0,0,0
162,0,646,US,US,0,20,2410,73,15,0,0,0,1
163,0,25,US,GB,1,16,2518,90,2,0,0,0,1
164,1,91,BR,US,1,16,1117,1,5,0,1,0,0
165,1,210,RU,US,1,9,681,2,17,0,1,0,0
166,1,596,ID,US,1,2,1574,1,28,0,1,0,0
167,0,119,US,US,0,12,1741,15,3,0,0,0,0
168,0,86,US,US,0,12,1036,13,8,0,0,0,0
169,1,70,US,US,0,19,219,21,27,0,0,0,0
170,1,912,PH,US,1,2,225,6,27,0,1,0,0
171,1,601,PH,US,1,21,1281,14,22,0,1,0,0
172,0,50,US,US,0,22,3535,44,6,0,0,0,0
173,1,1839,TH,US,1,0,22,5,1,1,1,1,0
174,0,61,US,US,0,16,2885,45,5,0,0,0,0
175,0,48,US,US,0,21,28,77,3,0,0,1,0
176,0,28,US,US,0,15,2467,2,2,0,0,0,0
177,1,429,US,US,0,3,88,2,8,0,0,0,0
178,1,1765,US,US,0,3,23,4,29,1,0,1,0
179,0,170,US,US,0,10,1125,15,3,0,0,0,0
180,0,45,US,US,0,10,1670,72,11,0,0,0,1
181,0,14,US,CA,1,10,458,12,6,0,0,0,0
182,1,0,US,US,0,23,1288,1,1,0,0,0,0
183,0,113,US,US,0,10,2969,87,5,0,0,0,1
184,0,3,US,US,0,22,2923,74,1,0,0,0,1
185,0,10,US,US,0,1,1390,33,7,0,0,0,0
186,0,72,US,US,0,22,1039,21,9,0,0,0,0
187,0,27,US,US,0,8,2939,89,3,0,0,0,1
188,0,76,US,US,0,12,247,58,5,0,0,0,0
189,0,22,US,US,0,18,3088,50,6,0,0,0,0
190,0,31,US,US,0,20,2095,80,13,0,0,0,1
191,0,42,US,US,0,13,639,54,5,0,0,0,0
192,0,74,US,US,0,20,436,45,6,0,0,0,0
193,0,54,US,US,0,20,1459,49,5,0,0,0,0
194,0,237,US,GB,1,12,2951,81,4,0,0,0,1
195,1,93,PH,US,1,1,1602,59,3,0,1,0,0
196,0,35,JP,US,1,10,982,61,10,0,0,0,1
197,1,807,US,US,0,18,553,50,4,0,0,0,0
198,0,27,US,US,0,19,39,37,6,0,0,0,0
199,0,103,US,US,0,15,1080,12,2,0,0,0,0
200,1,104,US,US,0,0,525,24,9,0,0,0,0
201,1,75,ID,US,1,3,72,38,8,0,1,0,0
202,1,1361,KP,US,1,2,1050,10,5,0,1,0,0
203,0,53,US,US,0,11,99,27,12,0,0,0,0
204,0,98,US,US,0,9,1579,76,2,0,0,0,1
205,1,2231,US,US,0,19,26,18,30,1,0,1,0
206,1,198,RU,US,1,0,2,4,13,0,1,1,0
207,0,211,US,US,0,15,2619,19,13,0,0,0,0
208,1,3311,CN,US,1,15,1066,6,15,1,1,0,0
209,1,1756,TH,US,1,2,1045,2,1,1,1,0,0
210,0,31,US,US,0,15,1701,60,14,0,0,0,0
211,1,105,VN,US,1,23,747,6,19,0,1,0,0
212,1,1113,KP,US,1,13,9,5,30,0,1,1,0
213,1,233,US,US,0,18,242,6,6,0,0,0,0
214,0,57,US,US,0,19,1788,10,3,0,0,0,0
215,0,143,US,US,0,13,220,49,9,0,0,0,0
216,1,61,RU,US,1,16,1509,15,26,0,1,0,0
217,0,69,US,US,0,17,2034,60,13,0,0,0,0
218,0,224,US,US,0,21,2861,51,1,0,0,0,0
219,0,36,DE,US,1,11,2526,83,12,0,0,0,1
220,1,451,TH,US,1,19,1471,6,18,0,1,0,0
221,0,81,US,US,0,20,499,3,9,0,0,0,0
222,1,144,NG,US,1,3,1170,7,5,0,1,0,0
223,0,213,US,US,0,12,34,35,15,0,0,0,0
224,1,2733,ID,US,1,22,56,3,3,1,1,0,0
225,1,65,NG,US,1,0,1313,34,19,0,1,0,0
226,1,105,US,US,0,2,1493,5,3,0,0,0,0
227,0,69,US,US,0,19,2,47,8,0,0,1,0
228,1,2865,CN,US,1,3,171,34,4,1,1,0,0
229,0,80,US,US,0,21,3102,23,5,0,0,0,0
230,1,3147,PH,US,1,22,16,4,13,1,1,1,0
231,1,133,NG,US,1,0,14,5,21,0,1,1,0
232,0,76,KR,US,1,11,875,85,1,0,0,0,1
233,1,737,US,US,0,0,8,36,1,0,0,1,0
234,0,36,US,US,0,12,12,13,13,0,0,1,0
235,0,15,US,US,0,20,1743,51,12,0,0,0,0
236,0,218,US,US,0,12,2986,75,12,0,0,0,1
237,0,41,US,US,0,19,316,27,2,0,0,0,0
238,1,1840,US,US,0,23,19,3,5,1,0,1,0
239,1,1276,TH,US,1,20,930,32,7,0,1,0,0
240,0,63,US,US,0,8,2345,26,5,0,0,0,0
241,1,129,US,US,0,21,15,5,6,0,0,1,0
242,1,18,VN,US,1,14,29,6,17,0,1,1,0
243,0,28,US,US,0,22,2419,14,5,0,0,0,0
244,0,64,US,US,0,22,2966,69,3,0,0,0,1
245,1,130,TH,US,1,1,1381,58,1,0,1,0,0
246,0,44,US,US,0,18,3038,90,10,0,0,0,1
247,0,16,US,US,0,11,1582,5,13,0,0,0,0
248,0,51,US,US,0,20,3185,51,4,0,0,0,0
249,1,2527,US,AU,1,16,655,6,19,1,0,0,0
250,1,41,BR,US,1,17,1239,31,8,0,1,0,0
251,0,75,US,US,0,0,3556,22,5,0,0,0,0
252,1,673,BR,US,1,19,424,3,9,0,1,0,0
253,1,124,PH,US,1,19,6,36,2,0,1,1,0
254,1,51,BR,US,1,22,1783,4,28,0,1,0,0
255,0,62,US,US,0,21,2436,73,4,0,0,0,1
256,0,65,US,US,0,18,2671,67,5,0,0,0,1
257,0,30,US,US,0,8,2018,90,2,0,0,0,1
258,1,15,US,US,0,11,27,5,14,0,0,1,0
259,1,56,US,US,0,12,1397,7,17,0,0,0,0
260,1,38,ID,US,1,20,58,45,2,0,1,0,0
261,0,186,US,US,0,20,3295,45,6,0,0,0,0
262,0,37,US,US,0,17,743,77,11,0,0,0,1
263,0,43,US,US,0,8,710,82,3,0,0,0,1
264,0,56,US,US,0,12,3461,42,8,0,0,0,0
265,1,85,US,US,0,2,15,4,9,0,0,1,0
266,0,93,US,US,0,8,3367,20,5,0,0,0,0
267,0,27,US,US,0,9,1701,24,8,0,0,0,0
268,0,94,US,US,0,13,2878,29,10,0,0,0,0
269,0,45,US,US,0,16,2045,23,1,0,0,0,0
270,1,191,KP,US,1,3,14,7,4,0,1,1,0
271,1,145,US,US,0,23,8,38,8,0,0,1,0
272,1,120,BR,US,1,23,235,7,16,0,1,0,0
273,0,92,FR,US,1,10,1003,71,1,0,0,0,1
274,0,92,US,US,0,10,14,64,5,0,0,1,0
275,0,26,DE,US,1,11,290,58,9,0,0,0,0
276,0,55,AU,US,1,17,3231,42,4,0,0,0,0
277,0,180,US,US,0,10,2276,42,5,0,0,0,0
278,0,63,US,US,0,15,863,8,10,0,0,0,0
279,0,10,US,US,0,22,2069,52,1,0,0,0,0
280,1,110,ID,US,1,1,1298,7,19,0,1,0,0
281,0,502,US,US,0,16,69,54,15,0,0,0,0
282,1,405,VN,US,1,0,16,50,16,0,1,1,0
283,0,190,US,US,0,15,592,14,11,0,0,0,0
284,0,284,US,US,0,21,2756,80,2,0,0,0,1
285,0,16,US,US,0,0,2661,44,4,0,0,0,0
286,1,528,TH,US,1,3,1011,7,18,0,1,0,0
287,0,28,US,US,0,11,3352,39,2,0,0,0,0
288,0,34,US,US,0,20,2266,35,15,0,0,0,0
289,1,83,ID,US,1,3,7,13,29,0,1,1,0
290,0,381,JP,US,1,8,12,45,5,0,0,1,0
291,0,61,US,US,0,8,2548,47,3,0,0,0,0
292,0,101,CA,US,1,14,11,87,3,0,0,1,0
293,0,211,US,US,0,19,3194,21,4,0,0,0,0
294,0,13,US,GB,1,23,143,52,11,0,0,0,0
295,0,49,US,US,0,13,1626,41,3,0,0,0,0
296,1,264,RU,CA,1,2,1173,24,17,0,1,0,0
297,0,63,US,US,0,0,2286,58,8,0,0,0,0
298,0,645,US,US,0,15,3582,11,1,0,0,0,0
299,1,2432,CN,US,1,20,1666,7,8,1,1,0,0
300,1,528,US,US,0,18,25,27,1,0,0,1,0
301,1,1756,BR,US,1,2,211,33,7,1,1,0,0
302,0,54,CA,US,1,16,7,75,9,0,0,1,0
303,1,670,BR,US,1,20,1131,1,10,0,1,0,0
304,1,103,US,US,0,22,1338,7,26,0,0,0,0
305,0,63,US,US,0,13,2115,82,5,0,0,0,1
306,0,23,US,US,0,21,3624,13,8,0,0,0,0
307,0,3,US,US,0,20,95,50,2,0,0,0,0
308,0,57,US,US,0,17,1829,79,14,0,0,0,1
309,0,62,MX,US,1,1,2519,70,3,0,0,0,1
310,1,515,US,US,0,12,281,4,16,0,0,0,0
311,0,60,GB,US,1,22,2936,49,10,0,0,0,0
312,1,72,TH,US,1,2,570,31,15,0,1,0,0
313,0,456,US,US,0,8,3385,39,2,0,0,0,0
314,0,40,US,US,0,15,2676,59,4,0,0,0,0
315,1,83,US,US,0,3,230,3,29,0,0,0,0
316,1,69,VN,US,1,0,23,1,5,0,1,1,0
317,0,93,US,US,0,13,2352,46,2,0,0,0,0
318,0,20,US,US,0,20,2288,5,13,0,0,0,0
319,0,50,US,US,0,14,1407,60,2,0,0,0,0
320,0,59,US,US,0,17,2643,87,1,0,0,0,1
321,0,35,US,US,0,12,2347,10,7,0,0,0,0
322,1,871,PH,US,1,19,25,8,7,0,1,1,0
323,0,538,US,US,0,20,2,74,1,0,0,1,0
324,0,35,US,US,0,21,3176,33,13,0,0,0,0
325,0,90,US,US,0,9,596,60,12,0,0,0,0
326,0,77,US,US,0,14,11,84,14,0,0,1,0
327,0,61,US,US,0,4,2408,32,5,0,0,0,0
328,0,47,US,US,0,14,3161,30,10,0,0,0,0
329,1,565,US,US,0,0,907,45,18,0,0,0,0
330,1,457,KP,US,1,21,746,51,9,0,1,0,0
331,1,93,PH,US,1,18,1291,6,5,0,1,0,0
332,0,8,US,US,0,10,2247,20,7,0,0,0,0
333,0,20,US,US,0,8,2627,20,11,0,0,0,0
334,1,477,US,US,0,15,27,3,9,0,0,1,0
335,0,291,US,US,0,19,1322,20,1,0,0,0,0
336,0,249,US,US,0,11,648,60,3,0,0,0,0
337,0,206,US,US,0,14,345,43,4,0,0,0,0
338,0,73,US,US,0,13,3609,5,1,0,0,0,0
339,1,718,VN,US,1,22,477,15,4,0,1,0,0
340,0,579,US,US,0,19,14,90,7,0,0,1,0
341,0,68,US,US,0,18,25,7,1,0,0,1,0
342,0,48,US,US,0,9,3466,48,4,0,0,0,0
343,0,52,US,US,0,21,1441,21,2,0,0,0,0
344,1,117,VN,US,1,18,17,20,15,0,1,1,0
345,0,32,US,US,0,9,393,67,14,0,0,0,1
346,0,56,US,US,0,22,2904,31,5,0,0,0,0
347,0,48,US,US,0,9,2574,25,2,0,0,0,0
348,1,652,US,US,0,3,996,2,6,0,0,0,0
349,0,75,US,US,0,14,1400,69,4,0,0,0,1
350,0,118,US,US,0,19,26,40,1,0,0,1,0
351,0,41,US,US,0,8,18,17,12,0,0,1,0
352,0,81,US,US,0,10,1878,38,13,0,0,0,0
353,0,48,US,US,0,8,3612,86,4,0,0,0,1
354,0,55,US,US,0,19,1782,85,3,0,0,0,1
355,1,531,KP,US,1,3,14,23,16,0,1,1,0
356,0,20,US,US,0,5,2927,70,15,0,0,0,1
357,0,199,DE,AU,1,18,3077,89,1,0,0,0,1
358,0,74,US,AU,1,22,1979,20,7,0,0,0,0
359,1,1407,NG,US,1,11,8,2,5,0,1,1,0
360,1,871,CN,US,1,21,391,2,4,0,1,0,0
361,0,828,US,US,0,4,1303,53,4,0,0,0,0
362,1,93,ID,US,1,22,904,6,18,0,1,0,0
363,0,17,US,US,0,16,952,31,5,0,0,0,0
364,0,55,US,US,0,8,1,1,5,0,0,1,0
365,1,1978,PH,US,1,23,29,27,3,1,1,1,0
366,0,58,US,US,0,11,2838,40,7,0,0,0,0
367,1,116,NG,US,1,3,225,19,28,0,1,0,0
368,1,1531,TH,US,1,3,64,50,1,1,1,0,0
369,1,98,RU,US,1,2,1798,3,5,0,1,0,0
370,0,41,US,US,0,14,2986,73,9,0,0,0,1
371,1,2784,NG,US,1,3,961,23,6,1,1,0,0
372,1,1507,CN,US,1,18,1609,4,1,1,1,0,0
373,1,195,NG,US,1,19,1269,7,15,0,1,0,0
374,0,123,US,US,0,20,2324,45,12,0,0,0,0
375,0,173,US,US,0,8,2062,9,1,0,0,0,0
376,0,60,FR,US,1,3,16,18,14,0,0,1,0
377,0,28,JP,US,1,19,2294,85,13,0,0,0,1
378,0,116,US,US,0,21,2452,55,15,0,0,0,0
379,0,74,US,US,0,16,2677,8,4,0,0,0,0
380,0,41,US,US,0,19,2373,3,2,0,0,0,0
381,1,2931,RU,US,1,22,1,6,27,1,1,1,0
382,1,59,KP,US,1,18,89,1,12,0,1,0,0
383,0,95,US,US,0,11,793,78,1,0,0,0,1
384,0,101,US,US,0,22,2318,27,10,0,0,0,0
385,1,373,CN,US,1,0,899,26,5,0,1,0,0
386,0,134,US,US,0,19,2785,44,2,0,0,0,0
387,1,2713,RU,US,1,0,1581,1,3,1,1,0,0
388,0,69,US,US,0,11,2535,35,14,0,0,0,0
389,0,34,US,US,0,16,3168,66,2,0,0,0,1
390,0,55,US,US,0,21,12,33,4,0,0,1,0
391,0,18,US,US,0,23,308,74,12,0,0,0,1
392,0,25,US,US,0,12,97,19,7,0,0,0,0
393,0,78,US,US,0,16,2617,51,14,0,0,0,0
394,0,55,US,US,0,20,1203,61,9,0,0,0,1
395,0,63,US,US,0,0,1874,56,2,0,0,0,0
396,1,2183,US,US,0,21,1218,15,15,1,0,0,0
397,0,241,US,US,0,17,2351,75,15,0,0,0,1
398,0,564,US,US,0,16,319,80,2,0,0,0,1
399,0,71,US,CA,1,21,25,80,1,0,0,1,0
400,0,146,US,US,0,8,1590,38,14,0,0,0,0
401,0,79,AU,US,1,10,352,53,11,0,0,0,0
402,1,2027,US,US,0,18,1648,1,23,1,0,0,0
403,0,74,CA,US,1,20,36,34,3,0,0,0,0
404,1,2892,TH,US,1,3,22,4,9,1,1,1,0
405,1,99,KP,US,1,3,1403,7,20,0,1,0,0
406,1,2622,NG,US,1,22,432,1,4,1,1,0,0
407,1,424,BR,US,1,20,419,18,6,0,1,0,0
408,0,65,US,US,0,8,30,40,13,0,0,1,0
409,0,6,US,US,0,8,1944,76,1,0,0,0,1
410,1,69,TH,US,1,15,7,7,30,0,1,1,0
411,0,45,US,US,0,15,300,11,12,0,0,0,0
412,1,1047,RU,GB,1,18,817,7,29,0,1,0,0
413,1,509,RU,US,1,0,23,1,4,0,1,1,0
414,0,237,US,US,0,2,879,53,9,0,0,0,0
415,1,2268,NG,AU,1,0,877,54,4,1,1,0,0
416,1,135,NG,US,1,2,654,6,4,0,1,0,0
417,0,37,US,US,0,14,1254,12,5,0,0,0,0
418,0,268,US,CA,1,22,2870,34,3,0,0,0,0
419,1,1544,US,US,0,23,1409,3,5,1,0,0,0
420,1,90,PH,US,1,20,345,58,22,0,1,0,0
421,1,624,NG,US,1,18,18,31,7,0,1,1,0
422,0,264,CA,US,1,20,776,32,2,0,0,0,0
423,1,130,ID,US,1,2,22,31,5,0,1,1,0
424,1,340,US,US,0,0,617,3,28,0,0,0,0
425,0,58,KR,US,1,13,1368,12,2,0,0,0,0
426,0,707,KR,US,1,8,208,86,10,0,0,0,1
427,0,102,US,US,0,9,3078,28,3,0,0,0,0
428,1,627,ID,US,1,2,469,14,10,0,1,0,0
429,0,58,US,CA,1,22,2916,53,9,0,0,0,0
430,0,1,US,US,0,10,170,42,12,0,0,0,0
431,0,111,US,US,0,21,1056,35,1,0,0,0,0
432,1,1125,KP,US,1,23,12,39,3,0,1,1,0
433,0,49,US,US,0,13,8,46,4,0,0,1,0
434,0,61,US,US,0,18,3641,26,2,0,0,0,0
435,0,31,US,CA,1,11,561,6,5,0,0,0,0
436,0,112,US,US,0,14,2340,37,3,0,0,0,0
437,1,1023,VN,US,1,18,1018,42,6,0,1,0,0
438,0,39,US,US,0,13,2272,30,1,0,0,0,0
439,1,2111,US,US,0,18,1346,3,23,1,0,0,0
440,0,168,US,US,0,11,419,86,2,0,0,0,1
441,0,75,US,US,0,10,1168,19,12,0,0,0,0
442,0,45,US,US,0,17,2233,70,5,0,0,0,1
443,0,85,US,US,0,15,2080,21,12,0,0,0,0
444,0,19,JP,US,1,18,3021,2,5,0,0,0,0
445,1,47,RU,US,1,18,10,40,7,0,1,1,0
446,0,78,US,US,0,15,3122,73,2,0,0,0,1
447,0,83,US,US,0,17,1950,83,4,0,0,0,1
448,0,71,US,US,0,20,1463,11,3,0,0,0,0
449,0,144,KR,US,1,9,2819,9,10,0,0,0,0
450,0,13,US,US,0,14,2572,67,15,0,0,0,1
451,0,45,US,US,0,22,146,54,3,0,0,0,0
452,1,13,BR,US,1,22,706,1,2,0,1,0,0
453,1,385,BR,US,1,0,1629,60,3,0,1,0,0
454,1,118,BR,US,1,22,14,6,7,0,1,1,0
455,1,694,BR,US,1,23,1301,3,18,0,1,0,0
456,1,551,PH,US,1,19,25,1,16,0,1,1,0
457,0,255,US,US,0,22,1194,20,2,0,0,0,0
458,0,27,US,US,0,10,3572,53,3,0,0,0,0
459,0,859,US,US,0,7,1242,52,1,0,0,0,0
460,0,14,US,US,0,23,170,23,6,0,0,0,0
461,0,29,US,US,0,13,3324,41,3,0,0,0,0
462,0,55,US,GB,1,4,1450,28,12,0,0,0,0
463,0,29,US,US,0,9,18,19,13,0,0,1,0
464,1,67,PH,US,1,21,63,28,5,0,1,0,0
465,0,121,US,US,0,2,2281,44,10,0,0,0,0
466,0,12,US,US,0,8,2138,2,6,0,0,0,0
467,0,154,US,US,0,11,3208,39,4,0,0,0,0
468,0,21,US,US,0,13,2365,42,15,0,0,0,0
469,0,40,US,US,0,11,793,39,12,0,0,0,0
470,0,133,US,US,0,14,3414,18,4,0,0,0,0
471,1,139,RU,US,1,0,1600,5,5,0,1,0,0
472,0,65,US,US,0,0,27,43,15,0,0,1,0
473,1,96,BR,US,1,22,8,5,3,0,1,1,0
474,0,40,US,US,0,8,2573,76,5,0,0,0,1
475,0,83,US,CA,1,21,26,75,2,0,0,1,0
476,0,225,DE,US,1,19,3645,34,13,0,0,0,0
477,0,46,US,US,0,11,15,23,12,0,0,1,0
478,1,165,CN,US,1,22,1001,57,8,0,1,0,0
479,1,12,VN,US,1,1,1179,6,24,0,1,0,0
480,1,116,US,US,0,1,28,10,7,0,0,1,0
481,0,65,US,US,0,22,4,4,8,0,0,1,0
482,0,43,US,US,0,13,1195,15,1,0,0,0,0
483,0,36,US,US,0,13,1790,60,3,0,0,0,0
484,1,457,ID,US,1,2,973,5,22,0,1,0,0
485,0,128,US,US,0,2,469,51,2,0,0,0,0
486,0,364,US,US,0,11,853,61,1,0,0,0,1
487,0,161,US,US,0,16,1319,64,1,0,0,0,1
488,0,38,US,US,0,18,28,79,3,0,0,1,0
489,1,3235,US,US,0,0,1664,57,7,1,0,0,0
490,0,76,US,US,0,8,1003,42,5,0,0,0,0
491,1,78,PH,US,1,2,67,4,12,0,1,0,0
492,0,248,US,US,0,5,112,86,3,0,0,0,0
493,1,127,NG,US,1,21,1715,7,28,0,1,0,0
494,0,56,US,US,0,22,129,80,7,0,0,0,0
495,0,424,US,US,0,11,783,21,4,0,0,0,0
496,1,121,US,US,0,0,19,3,29,0,0,1,0
497,1,67,US,GB,1,1,261,3,26,0,0,0,0
498,1,1923,CN,US,1,1,541,4,21,1,1,0,0
499,0,30,US,US,0,18,3462,38,2,0,0,0,0
500,0,33,US,US,0,19,350,47,5,0,0,0,0
501,0,47,US,US,0,14,885,7,5,0,0,0,0
502,1,650,NG,US,1,0,762,6,13,0,1,0,0
503,0,81,US,US,0,10,3476,39,12,0,0,0,0
504,1,595,NG,US,1,0,806,3,11,0,1,0,0
505,0,52,US,AU,1,23,3298,78,1,0,0,0,1
506,0,137,US,US,0,19,2288,32,9,0,0,0,0
507,0,99,US,US,0,12,24,1,1,0,0,1,0
508,1,156,VN,US,1,18,18,1,1,0,1,1,0
509,0,116,US,US,0,18,2661,11,3,0,0,0,0
510,0,481,US,US,0,13,1,9,10,0,0,1,0
511,0,102,US,US,0,14,634,81,7,0,0,0,1
512,1,659,PH,US,1,3,106,3,8,0,1,0,0
513,1,117,KP,US,1,2,943,6,7,0,1,0,0
514,1,44,US,US,0,22,1260,19,24,0,0,0,0
515,0,35,US,GB,1,17,901,2,8,0,0,0,0
516,0,133,US,US,0,9,2719,39,2,0,0,0,0
517,0,80,MX,US,1,9,488,27,14,0,0,0,0
518,0,205,US,US,0,19,212,64,9,0,0,0,1
519,1,563,RU,US,1,0,27,4,26,0,1,1,0
520,0,60,US,US,0,21,330,15,3,0,0,0,0
521,1,33,US,US,0,2,19,59,6,0,0,1,0
522,0,27,US,US,0,13,345,45,4,0,0,0,0
523,0,435,AU,US,1,4,23,83,4,0,0,1,0
524,0,14,US,US,0,8,24,47,15,0,0,1,0
525,1,75,RU,US,1,1,13,6,24,0,1,1,0
526,0,61,US,US,0,4,2360,36,14,0,0,0,0
527,0,77,US,US,0,3,4,17,10,0,0,1,0
528,0,28,US,US,0,4,2359,10,4,0,0,0,0
529,1,2729,US,US,0,19,1624,7,18,1,0,0,0
530,1,3230,US,US,0,3,684,39,19,1,0,0,0
531,0,144,US,US,0,19,3051,10,4,0,0,0,0
532,0,95,DE,US,1,9,1396,72,5,0,0,0,1
533,1,2088,US,US,0,9,21,26,10,1,0,1,0
534,0,25,US,CA,1,11,2784,83,2,0,0,0,1
535,1,113,TH,US,1,21,27,37,20,0,1,1,0
536,1,2228,BR,US,1,18,935,2,6,1,1,0,0
537,1,725,US,US,0,11,979,10,18,0,0,0,0
538,1,601,US,US,0,1,1791,4,7,0,0,0,0
539,0,50,US,US,0,16,708,50,6,0,0,0,0
540,1,128,TH,US,1,9,8,5,21,0,1,1,0
541,0,38,US,US,0,12,239,51,3,0,0,0,0
542,1,539,NG,US,1,22,27,2,20,0,1,1,0
543,1,448,PH,US,1,19,23,14,23,0,1,1,0
544,0,103,US,US,0,20,1,4,5,0,0,1,0
545,0,45,US,US,0,14,2792,1,6,0,0,0,0
546,0,9,US,US,0,17,17,53,1,0,0,1,0
547,1,574,US,US,0,23,1507,3,13,0,0,0,0
548,1,1252,RU,US,1,2,30,2,5,0,1,1,0
549,0,14,US,US,0,2,286,44,6,0,0,0,0
550,0,75,US,US,0,6,12,72,1,0,0,1,0
551,0,32,CA,US,1,9,1056,9,12,0,0,0,0
552,0,155,US,US,0,10,1768,9,6,0,0,0,0
553,1,188,KP,US,1,21,133,4,25,0,1,0,0
554,0,500,US,US,0,13,437,35,5,0,0,0,0
555,0,71,US,US,0,12,1269,24,4,0,0,0,0
556,0,95,US,US,0,9,1456,88,12,0,0,0,1
557,0,29,US,US,0,14,3172,55,8,0,0,0,0
558,0,48,US,US,0,15,1692,29,1,0,0,0,0
559,0,70,AU,US,1,9,20,3,4,0,0,1,0
560,0,64,FR,US,1,21,2352,70,3,0,0,0,1
561,0,74,DE,US,1,2,741,35,3,0,0,0,0
562,1,523,KP,US,1,22,284,3,18,0,1,0,0
563,1,40,TH,US,1,18,17,20,2,0,1,1,0
564,1,155,BR,US,1,19,17,2,3,0,1,1,0
565,1,27,CN,US,1,19,249,20,18,0,1,0,0
566,0,15,US,US,0,9,6,61,1,0,0,1,0
567,0,67,US,US,0,22,989,35,2,0,0,0,0
568,1,1532,NG,US,1,3,311,53,18,1,1,0,0
569,1,160,US,US,0,1,1785,5,6,0,0,0,0
570,0,15,US,US,0,15,3216,64,9,0,0,0,1
571,1,573,CN,US,1,1,22,2,29,0,1,1,0
572,1,403,KP,US,1,23,8,20,25,0,1,1,0
573,0,258,US,US,0,13,10,12,3,0,0,1,0
574,0,48,US,US,0,17,2517,79,13,0,0,0,1
575,0,64,US,GB,1,8,1295,75,10,0,0,0,1
576,0,79,US,US,0,2,2462,7,11,0,0,0,0
577,0,6,US,US,0,19,1817,80,4,0,0,0,1
578,1,743,US,US,0,23,557,33,4,0,0,0,0
579,1,2390,BR,US,1,2,218,7,3,1,1,0,0
580,1,153,TH,US,1,0,52,14,23,0,1,0,0
581,0,41,US,US,0,8,2181,72,3,0,0,0,1
582,0,56,US,US,0,22,668,54,10,0,0,0,0
583,1,2844,BR,US,1,0,16,6,21,1,1,1,0
584,0,59,US,US,0,9,2153,64,2,0,0,0,1
585,0,103,US,US,0,19,1783,17,3,0,0,0,0
586,1,129,VN,US,1,11,474,7,12,0,1,0,0
587,1,49,RU,US,1,2,1240,53,27,0,1,0,0
588,0,62,US,US,0,8,2990,87,7,0,0,0,1
589,0,97,JP,AU,1,18,912,31,2,0,0,0,0
590,0,43,US,CA,1,16,2038,25,14,0,0,0,0
591,0,6,CA,US,1,0,1723,21,1,0,0,0,0
592,0,30,DE,US,1,14,1999,64,3,0,0,0,1
593,0,56,US,US,0,18,169,4,10,0,0,0,0
594,1,500,VN,US,1,18,224,1,3,0,1,0,0
595,0,17,US,US,0,11,11,68,1,0,0,1,0
596,0,72,US,US,0,14,1514,5,2,0,0,0,0
597,0,61,US,US,0,15,2669,44,2,0,0,0,0
598,0,685,US,US,0,20,29,32,2,0,0,1,0
599,0,76,US,US,0,20,2445,70,1,0,0,0,1
600,1,155,NG,US,1,10,20,18,4,0,1,1,0
601,1,134,US,US,0,18,1263,5,1,0,0,0,0
602,1,260,ID,US,1,18,234,1,28,0,1,0,0
603,1,118,US,US,0,1,941,3,11,0,0,0,0
604,1,2040,ID,US,1,22,8,12,6,1,1,1,0
605,0,65,US,US,0,16,1683,32,4,0,0,0,0
606,0,27,US,US,0,11,388,26,8,0,0,0,0
607,1,231,ID,US,1,20,618,18,30,0,1,0,0
608,1,548,US,US,0,3,11,7,1,0,0,1,0
609,0,76,US,US,0,14,2006,42,5,0,0,0,0
610,0,13,US,US,0,14,1777,12,9,0,0,0,0
611,1,165,CN,US,1,0,766,2,19,0,1,0,0
612,1,289,US,US,0,3,325,30,10,0,0,0,0
613,0,10,JP,US,1,11,714,53,5,0,0,0,0
614,0,49,US,US,0,8,1121,58,2,0,0,0,0
615,0,71,US,US,0,12,14,65,13,0,0,1,0
616,0,21,US,US,0,8,2536,68,1,0,0,0,1
617,1,837,US,US,0,1,16,47,30,0,0,1,0
618,1,914,TH,US,1,19,606,15,5,0,1,0,0
619,0,45,US,US,0,17,1593,61,3,0,0,0,1
620,0,43,US,US,0,9,29,61,9,0,0,1,0
621,1,332,KP,US,1,19,1308,2,22,0,1,0,0
622,0,118,US,US,0,14,931,10,1,0,0,0,0
623,0,56,US,US,0,11,1464,75,15,0,0,0,1
624,0,45,US,US,0,20,3264,20,13,0,0,0,0
625,0,64,US,US,0,16,2689,82,1,0,0,0,1
626,0,28,US,US,0,17,23,30,2,0,0,1,0
627,1,82,US,US,0,9,18,2,7,0,0,1,0
628,1,125,PH,US,1,0,25,38,9,0,1,1,0
629,0,41,US,US,0,13,14,68,1,0,0,1,0
630,0,61,US,US,0,9,904,61,10,0,0,0,1
631,0,519,US,US,0,16,2185,79,5,0,0,0,1
632,0,130,US,US,0,16,2559,29,3,0,0,0,0
633,0,18,US,US,0,22,623,11,7,0,0,0,0
634,0,85,US,US,0,18,3284,14,4,0,0,0,0
635,0,86,KR,US,1,20,657,47,1,0,0,0,0
636,0,320,GB,US,1,13,1798,67,5,0,0,0,1
637,1,2275,TH,US,1,3,1221,52,24,1,1,0,0
638,1,121,US,CA,1,18,23,7,2,0,0,1,0
639,1,55,RU,US,1,1,59,49,14,0,1,0,0
640,0,10,US,US,0,7,15,43,9,0,0,1,0
641,1,59,TH,US,1,2,1513,2,23,0,1,0,0
642,1,2230,TH,US,1,3,20,22,10,1,1,1,0
643,1,54,NG,US,1,18,325,4,3,0,1,0,0
644,1,785,RU,US,1,11,965,47,14,0,1,0,0
645,1,2328,NG,US,1,2,1347,18,16,1,1,0,0
646,0,30,US,US,0,9,860,52,13,0,0,0,0
647,0,78,US,US,0,22,207,13,7,0,0,0,0
648,0,72,US,US,0,16,1469,28,3,0,0,0,0
649,0,109,US,US,0,16,1359,19,3,0,0,0,0
650,1,60,KP,US,1,2,873,1,19,0,1,0,0
651,0,215,US,US,0,13,540,83,1,0,0,0,1
652,0,38,US,US,0,18,13,61,1,0,0,1,0
653,0,40,US,US,0,20,1403,56,5,0,0,0,0
654,1,63,ID,US,1,2,819,3,9,0,1,0,0
655,1,257,US,US,0,14,483,48,1,0,0,0,0
656,0,538,US,US,0,11,231,26,3,0,0,0,0
657,1,155,BR,US,1,10,1296,7,4,0,1,0,0
658,1,117,PH,US,1,13,577,53,8,0,1,0,0
659,1,1388,US,US,0,14,285,6,13,0,0,0,0
660,1,134,US,US,0,1,584,20,28,0,0,0,0
661,1,74,BR,US,1,17,29,5,8,0,1,1,0
662,0,38,US,US,0,13,1504,39,11,0,0,0,0
663,0,66,US,US,0,18,1748,13,3,0,0,0,0
664,0,40,US,US,0,10,1111,28,5,0,0,0,0
665,0,125,US,US,0,16,2900,73,11,0,0,0,1
666,0,81,US,US,0,12,3242,77,4,0,0,0,1
667,0,39,US,US,0,19,3179,58,1,0,0,0,0
668,1,116,US,US,0,15,857,35,29,0,0,0,0
669,0,212,US,US,0,13,26,69,5,0,0,1,0
670,0,63,US,US,0,15,3285,77,3,0,0,0,1
671,0,53,DE,US,1,12,1350,11,8,0,0,0,0
672,0,29,US,US,0,20,3113,75,7,0,0,0,1
673,0,128,US,US,0,22,1678,70,5,0,0,0,1
674,1,121,BR,US,1,2,390,2,15,0,1,0,0
675,1,156,NG,US,1,3,10,7,4,0,1,1,0
676,0,80,US,US,0,20,27,7,3,0,0,1,0
677,1,53,ID,US,1,18,1680,43,3,0,1,0,0
678,1,27,ID,US,1,0,1062,2,9,0,1,0,0
679,0,32,US,US,0,7,834,36,14,0,0,0,0
680,1,96,NG,AU,1,2,1364,7,14,0,1,0,0
681,0,137,US,US,0,19,812,30,2,0,0,0,0
682,0,39,US,US,0,13,29,20,3,0,0,1,0
683,1,349,TH,US,1,1,3,7,9,0,1,1,0
684,1,2667,RU,US,1,3,1475,7,29,1,1,0,0
685,1,111,US,US,0,19,508,2,30,0,0,0,0
686,0,1,US,US,0,9,1369,35,5,0,0,0,0
687,1,225,US,US,0,22,25,28,3,0,0,1,0
688,0,171,GB,US,1,2,23,6,1,0,0,1,0
689,0,105,US,US,0,15,3308,87,3,0,0,0,1
690,0,615,US,US,0,9,188,8,10,0,0,0,0
691,0,36,US,US,0,9,1995,19,8,0,0,0,0
692,1,741,US,US,0,21,10,2,1,0,0,1,0
693,1,1107,US,US,0,22,218,5,7,0,0,0,0
694,1,81,BR,US,1,19,759,2,8,0,1,0,0
695,0,59,US,US,0,20,2501,10,3,0,0,0,0
696,0,56,US,US,0,13,17,18,4,0,0,1,0
697,0,52,US,US,0,11,980,23,2,0,0,0,0
698,0,58,US,US,0,20,700,29,5,0,0,0,0
699,0,56,US,US,0,22,328,17,1,0,0,0,0
700,0,65,US,US,0,15,1278,82,1,0,0,0,1
701,0,35,US,US,0,20,34,33,7,0,0,0,0
702,0,25,DE,US,1,14,1078,89,7,0,0,0,1
703,1,692,US,US,0,0,5,14,11,0,0,1,0
704,0,262,US,US,0,12,1462,75,10,0,0,0,1
705,0,14,US,US,0,18,22,61,7,0,0,1,0
706,1,57,VN,US,1,1,18,47,24,0,1,1,0
707,1,636,US,US,0,22,23,23,19,0,0,1,0
708,0,406,US,US,0,16,1,17,4,0,0,1,0
709,1,195,US,US,0,1,336,8,2,0,0,0,0
710,1,101,ID,GB,1,23,1352,7,13,0,1,0,0
711,0,432,US,US,0,19,1528,84,2,0,0,0,1
712,0,98,US,US,0,15,2304,7,1,0,0,0,0
713,0,209,US,US,0,21,1783,74,4,0,0,0,1
714,1,98,PH,US,1,0,686,7,3,0,1,0,0
715,1,2026,US,US,0,13,28,47,7,1,0,1,0
716,1,151,NG,US,1,0,501,50,13,0,1,0,0
717,0,54,US,US,0,16,1875,31,12,0,0,0,0
718,0,62,US,US,0,21,1496,45,11,0,0,0,0
719,0,247,US,US,0,12,3,20,3,0,0,1,0
720,0,258,US,US,0,14,4,2,2,0,0,1,0
721,1,707,KP,US,1,20,27,6,1,0,1,1,0
722,0,51,US,US,0,10,2395,76,3,0,0,0,1
723,0,86,US,US,0,21,458,18,4,0,0,0,0
724,0,37,US,US,0,13,7,53,4,0,0,1,0
725,0,67,US,US,0,12,18,19,6,0,0,1,0
726,0,20,US,US,0,19,1898,41,6,0,0,0,0
727,1,2268,PH,US,1,14,3,3,5,1,1,1,0
728,0,53,AU,US,1,8,3198,66,5,0,0,0,1
729,0,55,US,US,0,8,3231,75,4,0,0,0,1
730,0,223,US,US,0,4,3533,29,13,0,0,0,0
731,0,14,US,US,0,12,957,15,7,0,0,0,0
732,0,14,US,US,0,16,2213,61,4,0,0,0,1
733,1,93,US,US,0,9,1589,3,7,0,0,0,0
734,0,99,US,US,0,11,71,84,9,0,0,0,0
735,0,173,US,AU,1,13,2136,49,12,0,0,0,0
736,0,49,US,US,0,15,3602,77,3,0,0,0,1
737,0,158,US,US,0,22,2855,12,3,0,0,0,0
738,1,517,KP,US,1,1,1734,2,7,0,1,0,0
739,1,2970,CN,US,1,18,191,4,7,1,1,0,0
740,0,13,US,US,0,11,2885,54,10,0,0,0,0
741,0,46,US,US,0,3,2001,24,4,0,0,0,0
742,0,198,US,US,0,1,2728,58,3,0,0,0,0
743,1,406,PH,US,1,0,198,8,30,0,1,0,0
744,0,56,US,AU,1,9,1094,28,13,0,0,0,0
745,0,166,GB,US,1,7,7,33,7,0,0,1,0
746,1,450,US,US,0,20,13,2,7,0,0,1,0
747,1,1817,TH,US,1,21,1765,7,3,1,1,0,0
748,1,2787,RU,US,1,23,1388,1,29,1,1,0,0
749,0,39,US,US,0,15,23,37,5,0,0,1,0
750,0,566,US,US,0,14,1455,33,7,0,0,0,0
751,0,123,US,US,0,11,3421,83,2,0,0,0,1
752,0,70,US,US,0,21,613,65,13,0,0,0,1
753,0,531,US,US,0,15,2694,46,5,0,0,0,0
754,0,74,US,US,0,17,29,69,11,0,0,1,0
755,1,3272,US,US,0,20,1779,7,2,1,0,0,0
756,0,39,US,CA,1,19,3385,54,15,0,0,0,0
757,0,36,US,US,0,17,535,13,2,0,0,0,0
758,0,49,US,US,0,0,2426,9,3,0,0,0,0
759,0,435,US,US,0,8,7,22,2,0,0,1,0
760,1,1963,KP,US,1,23,1046,2,28,1,1,0,0
761,0,0,JP,US,1,0,3312,81,14,0,0,0,1
762,1,3546,BR,US,1,18,1194,3,8,1,1,0,0
763,0,258,US,US,0,20,69,15,4,0,0,0,0
764,1,502,KP,US,1,19,9,7,9,0,1,1,0
765,1,100,NG,US,1,22,1745,1,26,0,1,0,0
766,1,41,BR,US,1,23,1611,5,17,0,1,0,0
767,0,92,US,US,0,9,3511,17,5,0,0,0,0
768,0,10,US,US,0,19,3030,68,2,0,0,0,1
769,0,66,US,US,0,8,1414,5,7,0,0,0,0
770,0,35,US,US,0,21,1247,2,7,0,0,0,0
771,1,1031,PH,US,1,1,17,4,7,0,1,1,0
772,0,71,US,US,0,13,3020,3,5,0,0,0,0
773,0,40,US,US,0,14,1987,26,10,0,0,0,0
774,0,15,US,US,0,21,311,80,9,0,0,0,1
775,0,45,DE,US,1,15,2811,1,13,0,0,0,0
776,0,31,US,US,0,2,2993,75,8,0,0,0,1
777,0,90,US,US,0,11,6,70,4,0,0,1,0
778,1,63,CN,US,1,10,791,15,17,0,1,0,0
779,0,188,US,US,0,16,53,66,12,0,0,0,0
780,1,117,VN,US,1,20,1571,4,6,0,1,0,0
781,0,53,US,US,0,11,2066,61,5,0,0,0,1
782,1,1127,US,US,0,22,27,44,11,0,0,1,0
783,0,42,US,AU,1,13,2609,47,1,0,0,0,0
784,0,340,US,US,0,9,1568,71,12,0,0,0,1
785,1,133,US,US,0,0,906,37,2,0,0,0,0
786,1,649,BR,US,1,1,20,35,18,0,1,1,0
787,1,460,US,US,0,12,483,43,2,0,0,0,0
788,0,8,US,US,0,22,14,60,11,0,0,1,0
789,1,127,US,US,0,2,253,5,8,0,0,0,0
790,1,208,NG,US,1,2,25,7,4,0,1,1,0
791,1,727,PH,US,1,12,516,6,28,0,1,0,0
792,0,48,US,US,0,11,6,62,1,0,0,1,0
793,0,366,US,US,0,8,3267,71,2,0,0,0,1
794,1,445,ID,US,1,0,7,29,30,0,1,1,0
795,1,3084,TH,US,1,13,1825,1,12,1,1,0,0
796,0,30,US,US,0,12,7,52,1,0,0,1,0
797,1,132,US,US,0,21,819,3,6,0,0,0,0
798,1,362,KP,US,1,3,21,6,26,0,1,1,0
799,0,186,US,US,0,22,4,62,6,0,0,1,0
800,1,307,US,US,0,16,16,23,26,0,0,1,0
801,0,59,US,US,0,11,3491,12,2,0,0,0,0
802,0,500,US,US,0,8,1972,13,9,0,0,0,0
803,0,33,US,US,0,12,519,25,1,0,0,0,0
804,0,46,US,US,0,14,764,63,5,0,0,0,1
805,1,1513,NG,US,1,19,670,24,7,1,1,0,0
806,1,143,US,US,0,13,765,1,19,0,0,0,0
807,1,50,CN,US,1,21,12,2,5,0,1,1,0
808,0,53,JP,US,1,12,1506,75,1,0,0,0,1
809,0,127,US,US,0,12,28,83,2,0,0,1,0
810,0,202,US,US,0,17,475,17,6,0,0,0,0
811,0,200,US,US,0,14,2732,51,5,0,0,0,0
812,1,70,US,US,0,18,222,2,8,0,0,0,0
813,1,65,TH,US,1,0,834,2,14,0,1,0,0
814,1,154,KP,US,1,18,711,47,6,0,1,0,0
815,1,329,VN,US,1,19,20,6,6,0,1,1,0
816,0,171,JP,US,1,21,2016,13,12,0,0,0,0
817,0,50,US,US,0,21,770,85,8,0,0,0,1
818,0,71,US,US,0,12,2857,14,12,0,0,0,0
819,0,38,US,US,0,13,1715,9,4,0,0,0,0
820,0,208,US,US,0,22,1563,43,10,0,0,0,0
821,0,71,US,US,0,9,3577,73,7,0,0,0,1
822,0,64,US,US,0,1,615,39,13,0,0,0,0
823,0,66,US,US,0,21,3450,88,4,0,0,0,1
824,1,62,US,US,0,12,1414,31,24,0,0,0,0
825,1,387,US,US,0,0,1,5,10,0,0,1,0
826,0,802,US,US,0,22,12,55,5,0,0,1,0
827,1,80,BR,US,1,12,27,2,27,0,1,1,0
828,0,27,US,US,0,9,2142,41,2,0,0,0,0
829,1,135,VN,US,1,1,267,1,4,0,1,0,0
830,0,48,US,US,0,15,1301,10,3,0,0,0,0
831,0,41,US,CA,1,15,1132,85,10,0,0,0,1
832,1,255,PH,US,1,18,1584,43,8,0,1,0,0
833,1,59,TH,US,1,2,503,7,2,0,1,0,0
834,0,52,US,US,0,18,2946,85,2,0,0,0,1
835,0,56,US,US,0,22,370,24,9,0,0,0,0
836,1,2249,RU,US,1,3,1184,2,7,1,1,0,0
837,0,63,US,US,0,10,1221,22,9,0,0,0,0
838,1,1611,NG,US,1,2,27,32,1,1,1,1,0
839,0,108,US,US,0,16,437,40,3,0,0,0,0
840,0,29,US,US,0,22,1193,15,9,0,0,0,0
841,1,566,KP,GB,1,0,15,38,29,0,1,1,0
842,1,115,BR,US,1,1,1003,2,5,0,1,0,0
843,0,40,FR,AU,1,10,3124,85,3,0,0,0,1
844,1,76,BR,US,1,14,1376,5,2,0,1,0,0
845,0,41,US,US,0,13,2489,62,9,0,0,0,1
846,0,658,US,US,0,14,3462,66,6,0,0,0,1
847,0,160,US,US,0,23,909,40,10,0,0,0,0
848,0,28,US,US,0,12,840,81,1,0,0,0,1
849,0,42,US,US,0,16,3283,83,5,0,0,0,1
850,0,21,US,US,0,12,3380,73,14,0,0,0,1
851,0,80,US,US,0,21,3155,9,13,0,0,0,0
852,0,220,US,US,0,20,3,62,15,0,0,1,0
853,1,110,BR,CA,1,23,15,30,7,0,1,1,0
854,0,49,US,US,0,14,3261,17,5,0,0,0,0
855,0,126,US,US,0,15,517,79,11,0,0,0,1
856,1,77,KP,US,1,2,23,3,7,0,1,1,0
857,1,456,NG,US,1,18,1655,2,21,0,1,0,0
858,1,85,US,US,0,17,25,1,7,0,0,1,0
859,1,3554,BR,US,1,1,6,37,4,1,1,1,0
860,1,358,US,US,0,19,1356,14,22,0,0,0,0
861,0,102,US,US,0,11,3170,63,4,0,0,0,1
862,0,28,US,US,0,21,1696,15,4,0,0,0,0
863,0,255,US,US,0,10,312,59,6,0,0,0,0
864,0,39,US,US,0,14,24,56,11,0,0,1,0
865,0,33,US,US,0,21,2774,20,11,0,0,0,0
866,0,61,DE,US,1,20,2,47,4,0,0,1,0
867,1,370,PH,US,1,0,24,47,18,0,1,1,0
868,0,25,US,US,0,17,3447,52,2,0,0,0,0
869,1,340,ID,US,1,20,560,6,5,0,1,0,0
870,0,32,US,US,0,16,3608,45,4,0,0,0,0
871,1,2267,US,CA,1,3,111,43,3,1,0,0,0
872,0,330,US,US,0,18,21,6,15,0,0,1,0
873,0,180,US,US,0,23,481,68,1,0,0,0,1
874,1,121,BR,US,1,23,67,1,1,0,1,0,0
875,0,89,US,US,0,16,3489,7,5,0,0,0,0
876,1,61,US,US,0,2,440,4,3,0,0,0,0
877,0,319,US,AU,1,10,78,78,14,0,0,0,0
878,0,67,US,US,0,18,1872,46,4,0,0,0,0
879,0,263,US,US,0,18,237,52,5,0,0,0,0
880,1,473,PH,US,1,3,1,9,9,0,1,1,0
881,1,61,US,US,0,17,15,1,7,0,0,1,0
882,0,57,US,US,0,23,340,44,3,0,0,0,0
883,1,585,NG,CA,1,2,6,6,19,0,1,1,0
884,0,28,US,US,0,11,251,49,4,0,0,0,0
885,1,132,KP,US,1,18,15,1,2,0,1,1,0
886,1,52,US,US,0,18,16,12,27,0,0,1,0
887,0,38,US,AU,1,8,440,82,2,0,0,0,1
888,1,647,RU,US,1,3,4,4,8,0,1,1,0
889,0,510,US,US,0,15,2509,43,11,0,0,0,0
890,0,27,US,US,0,3,3274,48,4,0,0,0,0
891,0,259,US,US,0,15,1711,45,4,0,0,0,0
892,0,54,US,US,0,13,3466,6,4,0,0,0,0
893,1,2235,PH,GB,1,20,25,2,6,1,1,1,0
894,1,501,ID,GB,1,1,1715,5,6,0,1,0,0
895,0,77,US,US,0,13,3079,2,5,0,0,0,0
896,1,183,PH,US,1,19,1299,3,16,0,1,0,0
897,0,327,US,US,0,16,13,7,4,0,0,1,0
898,0,22,AU,US,1,12,1868,50,3,0,0,0,0
899,1,1205,US,US,0,22,3,56,8,0,0,1,0
900,0,6,US,US,0,2,1796,59,14,0,0,0,0
901,0,56,US,US,0,12,256,71,2,0,0,0,1
902,1,131,ID,AU,1,1,708,4,3,0,1,0,0
903,1,691,KP,US,1,0,17,10,7,0,1,1,0
904,1,675,TH,US,1,3,782,2,28,0,1,0,0
905,0,76,US,US,0,6,2616,43,9,0,0,0,0
906,0,47,US,US,0,17,3217,44,5,0,0,0,0
907,0,32,US,US,0,11,2656,40,5,0,0,0,0
908,0,63,US,US,0,4,2913,62,1,0,0,0,1
909,0,67,US,US,0,12,2207,39,11,0,0,0,0
910,0,52,US,US,0,22,5,50,3,0,0,1,0
911,0,206,US,US,0,15,1835,16,4,0,0,0,0
912,1,111,RU,US,1,18,1350,34,25,0,1,0,0
913,1,120,RU,US,1,3,10,7,3,0,1,1,0
914,1,86,NG,US,1,12,18,1,4,0,1,1,0
915,0,11,US,US,0,10,706,76,5,0,0,0,1
916,0,49,US,US,0,14,3233,64,2,0,0,0,1
917,1,119,PH,US,1,1,563,4,3,0,1,0,0
918,1,351,TH,US,1,18,10,5,7,0,1,1,0
919,0,70,US,US,0,20,2468,47,15,0,0,0,0
920,1,840,RU,US,1,3,10,53,19,0,1,1,0
921,0,56,US,US,0,12,594,85,4,0,0,0,1
922,0,112,US,US,0,9,2025,60,10,0,0,0,0
923,0,40,US,US,0,9,30,2,2,0,0,1,0
924,0,183,US,US,0,23,2565,54,4,0,0,0,0
925,0,45,US,US,0,14,1932,80,3,0,0,0,1
926,0,172,US,US,0,11,1742,88,7,0,0,0,1
927,1,2781,US,US,0,18,14,4,3,1,0,1,0
928,1,1248,PH,US,1,1,19,46,1,0,1,1,0
929,0,21,US,US,0,11,2442,87,3,0,0,0,1
930,0,14,US,US,0,19,2731,30,14,0,0,0,0
931,1,68,RU,US,1,3,84,23,16,0,1,0,0
932,1,365,US,US,0,1,1253,5,5,0,0,0,0
933,0,68,US,US,0,8,2274,59,4,0,0,0,0
934,1,215,KP,US,1,0,29,57,22,0,1,1,0
935,0,41,US,US,0,11,430,42,15,0,0,0,0
936,0,50,US,US,0,1,422,25,13,0,0,0,0
937,0,79,US,US,0,21,2859,82,1,0,0,0,1
938,1,190,US,US,0,18,20,5,5,0,0,1,0
939,1,3374,US,US,0,23,359,49,21,1,0,0,0
940,1,667,US,US,0,18,20,1,16,0,0,1,0
941,0,90,US,US,0,13,2256,67,1,0,0,0,1
942,0,210,US,US,0,12,1591,48,9,0,0,0,0
943,0,68,GB,US,1,17,1916,25,11,0,0,0,0
944,0,157,US,US,0,9,28,66,2,0,0,1,0
945,0,76,US,US,0,11,59,42,1,0,0,0,0
946,0,71,US,US,0,18,3272,73,5,0,0,0,1
947,1,303,TH,US,1,0,11,7,9,0,1,1,0
948,0,242,US,US,0,20,12,31,12,0,0,1,0
949,1,3145,US,US,0,21,1720,34,28,1,0,0,0
950,0,195,US,US,0,13,1587,14,14,0,0,0,0
951,0,1,US,US,0,9,1551,82,4,0,0,0,1
952,0,2,US,US,0,18,1430,8,5,0,0,0,0
953,1,74,RU,US,1,1,384,49,8,0,1,0,0
954,1,3540,PH,US,1,18,1466,23,20,1,1,0,0
955,1,1748,CN,US,1,20,4,4,4,1,1,1,0
956,1,104,US,US,0,3,20,7,10,0,0,1,0
957,0,70,CA,US,1,8,2246,11,2,0,0,0,0
958,0,56,US,US,0,19,1288,24,1,0,0,0,0
959,0,576,US,US,0,8,11,65,14,0,0,1,0
960,1,2675,NG,US,1,21,21,7,27,1,1,1,0
961,1,1649,US,US,0,23,878,38,11,1,0,0,0
962,0,731,US,US,0,21,1023,89,5,0,0,0,1
963,0,1024,US,US,0,10,2413,49,5,0,0,0,0
964,1,187,TH,US,1,1,1207,25,28,0,1,0,0
965,0,715,US,US,0,22,2073,25,5,0,0,0,0
966,0,411,US,US,0,11,2567,66,8,0,0,0,1
967,1,1707,CN,US,1,15,21,18,6,1,1,1,0
968,0,67,US,US,0,17,1182,35,13,0,0,0,0
969,1,1963,TH,US,1,0,28,57,12,1,1,1,0
970,1,503,CN,US,1,22,1691,7,10,0,1,0,0
971,0,191,US,US,0,10,1501,88,2,0,0,0,1
972,1,991,PH,US,1,20,470,37,9,0,1,0,0
973,1,762,US,US,0,2,29,56,4,0,0,1,0
974,0,20,US,US,0,10,339,7,4,0,0,0,0
975,0,73,US,US,0,20,19,19,7,0,0,1,0
976,1,138,VN,US,1,0,362,6,21,0,1,0,0
977,0,79,US,US,0,8,50,68,4,0,0,0,0
978,0,36,US,US,0,18,2018,24,7,0,0,0,0
979,1,3035,US,US,0,2,7,3,17,1,0,1,0
980,1,1647,US,US,0,10,1775,5,3,1,0,0,0
981,1,70,NG,US,1,19,26,39,4,0,1,1,0
982,0,71,US,US,0,5,1564,47,9,0,0,0,0
983,1,80,VN,US,1,0,18,7,1,0,1,1,0
984,1,3575,BR,US,1,3,30,10,8,1,1,1,0
985,0,572,US,US,0,1,1370,3,15,0,0,0,0
986,0,135,US,US,0,17,2634,15,1,0,0,0,0
987,0,167,CA,CA,0,21,2549,40,4,0,0,0,0
988,0,227,US,US,0,9,2406,22,1,0,0,0,0
989,0,235,US,US,0,19,799,78,3,0,0,0,1
990,1,440,CN,US,1,23,870,3,5,0,1,0,0
991,0,88,US,US,0,18,2708,3,3,0,0,0,0
992,1,46,US,US,0,21,11,7,8,0,0,1,0
993,1,160,VN,US,1,1,1452,2,8,0,1,0,0
994,0,67,US,US,0,9,3092,33,2,0,0,0,0
995,0,434,US,US,0,6,1373,27,1,0,0,0,0
996,1,25,NG,US,1,3,29,41,5,0,1,1,0
997,0,74,US,US,0,20,2023,34,4,0,0,0,0
998,0,63,US,US,0,19,2651,6,4,0,0,0,0
999,0,7,GB,US,1,16,144,64,10,0,0,0,0
1000,0,210,US,US,0,3,24,26,2,0,0,1,0
1001,1,1094,KP,US,1,21,1082,30,18,0,1,0,0
1002,1,721,BR,US,1,12,23,1,27,0,1,1,0
1003,0,45,US,US,0,22,1616,3,1,0,0,0,0
1004,0,126,US,US,0,9,2120,61,3,0,0,0,1
1005,0,102,US,US,0,16,3050,11,1,0,0,0,0
1006,1,2190,BR,US,1,3,5,30,4,1,1,1,0
1007,0,328,US,US,0,8,17,26,5,0,0,1,0
1008,1,436,NG,US,1,3,1480,44,2,0,1,0,0
1009,1,1467,ID,US,1,0,61,1,7,0,1,0,0
1010,1,551,ID,US,1,0,1189,2,6,0,1,0,0
1011,1,136,TH,US,1,0,889,5,23,0,1,0,0
1012,0,29,US,US,0,11,713,17,2,0,0,0,0
1013,0,57,US,US,0,5,3544,70,5,0,0,0,1
1014,1,164,US,US,0,3,17,2,19,0,0,1,0
1015,0,672,US,US,0,16,1907,87,3,0,0,0,1
1016,0,624,US,US,0,19,21,88,15,0,0,1,0
1017,0,92,US,US,0,0,2324,62,11,0,0,0,1
1018,0,53,US,US,0,6,1710,59,3,0,0,0,0
1019,1,1089,KP,US,1,17,779,22,9,0,1,0,0
1020,0,50,US,US,0,0,2978,82,5,0,0,0,1
1021,1,387,KP,US,1,21,1820,12,10,0,1,0,0
1022,0,61,US,CA,1,0,707,20,2,0,0,0,0
1023,0,290,US,US,0,8,2536,69,11,0,0,0,1
1024,0,69,US,US,0,8,2056,49,7,0,0,0,0
1025,0,45,US,US,0,15,3341,28,1,0,0,0,0
1026,1,61,CN,US,1,23,21,7,5,0,1,1,0
1027,0,105,US,AU,1,10,487,72,5,0,0,0,1
1028,1,495,US,US,0,19,13,4,8,0,0,1,0
1029,1,1221,RU,US,1,19,27,16,9,0,1,1,0
1030,0,33,US,US,0,1,1414,9,3,0,0,0,0
1031,0,14,US,US,0,15,2080,51,3,0,0,0,0
1032,0,24,US,US,0,9,25,51,14,0,0,1,0
1033,0,26,US,US,0,8,1725,4,4,0,0,0,0
1034,1,124,BR,US,1,2,386,46,10,0,1,0,0
1035,0,33,CA,US,1,14,2,33,8,0,0,1,0
1036,1,72,CN,US,1,0,18,1,2,0,1,1,0
1037,0,81,US,CA,1,10,983,36,5,0,0,0,0
1038,0,214,US,US,0,16,175,43,5,0,0,0,0
1039,1,609,CN,US,1,18,13,7,17,0,1,1,0
1040,1,103,ID,US,1,0,1078,6,25,0,1,0,0
1041,0,73,US,US,0,2,240,53,9,0,0,0,0
1042,1,152,ID,US,1,0,282,5,16,0,1,0,0
1043,1,1660,US,US,0,20,19,30,15,1,0,1,0
1044,1,120,BR,US,1,16,774,60,8,0,1,0,0
1045,0,26,US,US,0,15,3424,43,8,0,0,0,0
1046,1,139,RU,US,1,3,106,7,6,0,1,0,0
1047,0,108,US,US,0,16,3248,1,3,0,0,0,0
1048,0,36,US,US,0,16,3062,59,10,0,0,0,0
1049,0,74,CA,US,1,8,2276,22,10,0,0,0,0
1050,0,68,US,GB,1,19,2201,32,11,0,0,0,0
1051,1,1212,ID,US,1,9,351,6,7,0,1,0,0
1052,1,59,US,US,0,2,1655,30,14,0,0,0,0
1053,1,37,PH,US,1,23,918,6,9,0,1,0,0
1054,0,232,CA,US,1,15,317,30,10,0,0,0,0
1055,0,260,US,US,0,21,2039,20,1,0,0,0,0
1056,1,2803,TH,US,1,13,254,37,22,1,1,0,0
1057,0,24,US,US,0,7,2751,12,1,0,0,0,0
1058,0,44,US,US,0,19,967,29,1,0,0,0,0
1059,0,65,US,US,0,9,2729,23,1,0,0,0,0
1060,0,41,US,US,0,14,3590,26,2,0,0,0,0
1061,1,47,US,US,0,21,654,54,7,0,0,0,0
1062,1,107,TH,US,1,21,1734,4,18,0,1,0,0
1063,1,248,US,US,0,0,1592,4,5,0,0,0,0
1064,1,2246,US,US,0,20,23,28,7,1,0,1,0
1065,0,125,US,US,0,13,2987,79,7,0,0,0,1
1066,0,38,US,US,0,15,1123,4,5,0,0,0,0
1067,0,31,US,US,0,10,1028,29,11,0,0,0,0
1068,1,2019,US,US,0,22,6,1,11,1,0,1,0
1069,1,128,VN,US,1,22,12,45,18,0,1,1,0
1070,1,166,US,US,0,1,1069,1,29,0,0,0,0
1071,1,1786,NG,US,1,2,142,12,5,1,1,0,0
1072,0,87,US,US,0,11,2638,88,1,0,0,0,1
1073,1,181,PH,CA,1,20,1082,4,22,0,1,0,0
1074,0,77,US,US,0,12,1384,72,10,0,0,0,1
1075,1,486,ID,GB,1,3,2,1,19,0,1,1,0
1076,0,497,AU,US,1,7,1613,16,5,0,0,0,0
1077,0,48,AU,US,1,13,3151,30,12,0,0,0,0
1078,1,323,ID,US,1,12,1785,2,16,0,1,0,0
1079,0,60,US,US,0,21,2500,37,7,0,0,0,0
1080,1,143,CN,US,1,1,947,6,21,0,1,0,0
1081,0,124,US,US,0,18,1754,80,15,0,0,0,1
1082,1,148,US,US,0,2,527,2,26,0,0,0,0
1083,0,45,US,US,0,19,3476,46,2,0,0,0,0
1084,1,2734,US,US,0,1,586,44,3,1,0,0,0
1085,1,62,KP,US,1,15,1509,1,10,0,1,0,0
1086,0,189,US,CA,1,18,2998,68,2,0,0,0,1
1087,0,55,US,US,0,10,3197,47,5,0,0,0,0
1088,1,445,NG,US,1,2,16,5,10,0,1,1,0
1089,0,7,US,US,0,21,3154,77,11,0,0,0,1
1090,1,1084,US,US,0,2,1346,5,6,0,0,0,0
1091,0,72,US,US,0,15,900,29,3,0,0,0,0
1092,1,1995,US,US,0,10,20,7,7,1,0,1,0
1093,0,56,US,US,0,20,2238,47,2,0,0,0,0
1094,0,137,US,US,0,17,875,60,14,0,0,0,0
1095,0,132,US,US,0,8,12,19,5,0,0,1,0
1096,1,111,US,US,0,22,18,16,5,0,0,1,0
1097,1,713,US,US,0,23,1609,20,29,0,0,0,0
1098,1,132,KP,US,1,1,489,19,5,0,1,0,0
1099,1,99,US,US,0,19,3,6,9,0,0,1,0
1100,0,458,US,US,0,1,3633,77,1,0,0,0,1
1101,0,57,US,US,0,8,3247,72,3,0,0,0,1
1102,0,59,US,US,0,8,2233,89,6,0,0,0,1
1103,0,20,US,US,0,19,760,49,9,0,0,0,0
1104,0,181,US,US,0,11,8,42,2,0,0,1,0
1105,0,80,US,US,0,22,3086,34,5,0,0,0,0
1106,1,137,PH,US,1,20,973,18,4,0,1,0,0
1107,1,584,US,US,0,1,5,1,5,0,0,1,0
1108,0,48,US,US,0,22,1951,43,3,0,0,0,0
1109,0,24,US,GB,1,8,1817,50,13,0,0,0,0
1110,0,454,US,US,0,16,1,10,4,0,0,1,0
1111,1,116,NG,US,1,19,7,4,14,0,1,1,0
1112,1,515,US,US,0,9,755,6,9,0,0,0,0
1113,0,43,US,US,0,10,1735,27,10,0,0,0,0
1114,1,91,ID,US,1,16,355,2,9,0,1,0,0
1115,0,49,US,US,0,17,13,5,2,0,0,1,0
1116,1,198,CN,GB,1,22,1379,12,2,0,1,0,0
1117,0,36,US,US,0,20,1341,33,15,0,0,0,0
1118,1,2533,RU,CA,1,1,1542,4,13,1,1,0,0
1119,1,81,VN,GB,1,19,12,23,4,0,1,1,0
1120,0,45,US,US,0,10,12,46,10,0,0,1,0
1121,0,5,DE,US,1,14,3578,10,11,0,0,0,0
1122,1,2270,CN,US,1,22,273,3,4,1,1,0,0
1123,0,341,US,US,0,21,213,17,5,0,0,0,0
1124,0,44,US,US,0,16,2280,30,1,0,0,0,0
1125,0,60,US,US,0,0,1519,77,14,0,0,0,1
1126,1,2695,RU,US,1,23,28,3,11,1,1,1,0
1127,0,41,US,US,0,18,866,35,12,0,0,0,0
1128,1,2014,US,US,0,13,11,28,1,1,0,1,0
1129,0,149,US,US,0,16,1463,3,2,0,0,0,0
1130,1,67,NG,US,1,18,1709,36,22,0,1,0,0
1131,1,281,ID,US,1,23,1595,2,7,0,1,0,0
1132,0,516,US,US,0,17,1448,90,8,0,0,0,1
1133,0,9,US,US,0,12,1912,65,7,0,0,0,1
1134,0,70,US,US,0,15,595,83,11,0,0,0,1
1135,0,24,US,US,0,11,22,2,10,0,0,1,0
1136,1,170,US,US,0,3,1414,53,5,0,0,0,0
1137,1,499,TH,US,1,18,22,3,8,0,1,1,0
1138,0,10,US,US,0,9,9,39,7,0,0,1,0
1139,1,298,US,US,0,21,23,6,6,0,0,1,0
1140,0,278,US,US,0,12,399,71,15,0,0,0,1
1141,1,470,ID,US,1,19,13,6,21,0,1,1,0
1142,0,76,US,US,0,10,2940,77,7,0,0,0,1
1143,0,65,US,US,0,23,646,35,11,0,0,0,0
1144,0,450,US,US,0,12,3638,1,12,0,0,0,0
1145,1,85,TH,US,1,23,23,44,4,0,1,1,0
1146,0,67,US,US,0,17,614,43,12,0,0,0,0
1147,0,229,AU,US,1,21,3069,70,10,0,0,0,1
1148,1,948,VN,US,1,20,23,28,30,0,1,1,0
1149,0,225,US,US,0,22,2015,29,6,0,0,0,0
1150,1,161,US,US,0,21,1118,7,5,0,0,0,0
1151,0,62,US,US,0,18,2321,20,5,0,0,0,0
1152,0,41,US,US,0,12,196,52,1,0,0,0,0
1153,1,441,US,US,0,23,1151,7,26,0,0,0,0
1154,1,43,NG,US,1,19,7,40,24,0,1,1,0
1155,1,361,US,US,0,22,912,4,26,0,0,0,0
1156,1,103,BR,US,1,2,14,7,5,0,1,1,0
1157,1,1490,RU,US,1,11,1534,2,4,0,1,0,0
1158,1,500,US,US,0,9,757,19,18,0,0,0,0
1159,0,49,US,US,0,20,343,89,3,0,0,0,1
1160,0,64,MX,US,1,22,1590,16,3,0,0,0,0
1161,1,102,PH,US,1,23,8,5,8,0,1,1,0
1162,0,51,US,US,0,14,1073,9,14,0,0,0,0
1163,0,37,US,US,0,14,733,73,2,0,0,0,1
1164,1,100,NG,US,1,22,29,5,15,0,1,1,0
1165,1,144,ID,US,1,19,6,7,19,0,1,1,0
1166,1,155,BR,US,1,13,968,7,11,0,1,0,0
1167,0,163,CA,US,1,12,1842,8,2,0,0,0,0
1168,0,80,US,US,0,18,3301,15,2,0,0,0,0
1169,0,181,US,US,0,18,908,63,2,0,0,0,1
1170,0,13,AU,US,1,3,1233,24,1,0,0,0,0
1171,0,157,US,US,0,18,569,11,5,0,0,0,0
1172,0,55,MX,US,1,9,3,79,7,0,0,1,0
1173,0,187,US,US,0,16,9,12,3,0,0,1,0
1174,0,114,US,US,0,10,2619,39,9,0,0,0,0
1175,0,40,AU,US,1,10,2442,32,11,0,0,0,0
1176,1,86,NG,GB,1,2,13,52,13,0,1,1,0
1177,1,3130,TH,US,1,1,572,5,18,1,1,0,0
1178,1,241,US,US,0,19,1373,18,17,0,0,0,0
1179,0,30,US,US,0,6,2155,9,8,0,0,0,0
1180,0,4,AU,US,1,8,2939,25,5,0,0,0,0
1181,0,1,US,US,0,11,3037,79,5,0,0,0,1
1182,0,85,US,US,0,15,261,54,12,0,0,0,0
1183,0,69,FR,US,1,13,2182,24,6,0,0,0,0
1184,0,31,US,US,0,22,85,56,1,0,0,0,0
1185,1,1220,US,US,0,2,226,4,7,0,0,0,0
1186,0,240,US,US,0,8,29,48,4,0,0,1,0
1187,0,96,US,US,0,22,2149,78,5,0,0,0,1
1188,1,109,US,US,0,0,561,4,21,0,0,0,0
1189,0,70,US,AU,1,12,2719,69,2,0,0,0,1
1190,1,1589,ID,US,1,3,1209,20,17,1,1,0,0
1191,0,194,US,AU,1,18,3584,60,1,0,0,0,0
1192,0,38,US,US,0,16,7,76,2,0,0,1,0
1193,0,74,US,US,0,17,4,12,1,0,0,1,0
1194,0,117,US,US,0,16,403,17,6,0,0,0,0
1195,0,55,US,US,0,15,174,60,5,0,0,0,0
1196,0,55,US,US,0,10,405,57,6,0,0,0,0
1197,0,51,US,US,0,18,1507,85,7,0,0,0,1
1198,0,90,US,US,0,8,488,31,2,0,0,0,0
1199,0,111,AU,US,1,22,2227,26,14,0,0,0,0
1200,1,111,RU,US,1,21,20,2,1,0,1,1,0
1201,0,36,US,CA,1,16,446,49,8,0,0,0,0
1202,0,47,US,US,0,13,2739,53,5,0,0,0,0
1203,1,118,US,US,0,3,9,47,9,0,0,1,0
1204,1,3498,ID,US,1,2,1442,16,18,1,1,0,0
1205,0,29,US,US,0,19,2947,29,4,0,0,0,0
1206,0,84,CA,US,1,3,3648,5,7,0,0,0,0
1207,0,73,US,US,0,17,383,90,3,0,0,0,1
1208,1,187,BR,US,1,20,1403,4,1,0,1,0,0
1209,0,40,US,US,0,11,2107,67,2,0,0,0,1
1210,0,67,US,US,0,17,26,59,5,0,0,1,0
1211,1,760,TH,US,1,1,30,12,12,0,1,1,0
1212,1,3573,RU,US,1,18,276,3,19,1,1,0,0
1213,0,44,US,US,0,22,2817,13,9,0,0,0,0
1214,1,361,US,US,0,21,1419,6,17,0,0,0,0
1215,0,274,US,US,0,16,475,75,14,0,0,0,1
1216,0,26,US,US,0,8,870,57,15,0,0,0,0
1217,1,2032,KP,US,1,1,25,58,14,1,1,1,0
1218,1,1750,TH,US,1,19,28,1,2,1,1,1,0
1219,0,18,US,US,0,16,30,51,3,0,0,1,0
1220,0,61,US,GB,1,17,1092,10,10,0,0,0,0
1221,0,27,MX,US,1,21,1001,76,5,0,0,0,1
1222,0,727,US,US,0,20,1938,62,5,0,0,0,1
1223,0,64,US,US,0,21,2389,39,3,0,0,0,0
1224,1,1936,RU,US,1,23,28,31,20,1,1,1,0
1225,0,165,US,US,0,19,2760,36,5,0,0,0,0
1226,1,391,US,US,0,1,390,5,15,0,0,0,0
1227,0,51,US,US,0,22,1974,22,9,0,0,0,0
1228,0,11,US,US,0,21,1,13,6,0,0,1,0
1229,1,563,RU,CA,1,3,1058,54,8,0,1,0,0
1230,1,238,ID,US,1,10,30,1,8,0,1,1,0
1231,1,200,BR,US,1,12,26,7,24,0,1,1,0
1232,0,517,US,US,0,10,469,49,2,0,0,0,0
1233,1,993,NG,US,1,0,1095,5,22,0,1,0,0
1234,1,37,CN,US,1,18,882,57,2,0,1,0,0
1235,1,2311,US,US,0,9,1320,16,20,1,0,0,0
1236,0,24,US,US,0,12,848,64,2,0,0,0,1
1237,0,688,US,US,0,20,2844,74,3,0,0,0,1
1238,1,160,RU,US,1,1,375,4,27,0,1,0,0
1239,1,2586,BR,US,1,10,784,17,22,1,1,0,0
1240,1,403,BR,US,1,9,12,1,5,0,1,1,0
1241,0,13,US,US,0,19,879,85,6,0,0,0,1
1242,0,60,US,US,0,21,2506,22,10,0,0,0,0
1243,1,42,TH,US,1,1,11,17,10,0,1,1,0
1244,0,71,US,US,0,16,1047,20,5,0,0,0,0
1245,0,22,US,US,0,12,1586,22,2,0,0,0,0
1246,0,207,CA,US,1,20,150,15,5,0,0,0,0
1247,0,19,US,US,0,22,6,82,2,0,0,1,0
1248,1,90,US,US,0,3,764,4,27,0,0,0,0
1249,0,230,US,US,0,16,2969,5,2,0,0,0,0
1250,1,537,CN,US,1,19,17,3,16,0,1,1,0
1251,0,158,US,US,0,15,490,14,15,0,0,0,0
1252,0,87,US,US,0,11,3185,17,2,0,0,0,0
1253,0,54,US,US,0,21,441,50,2,0,0,0,0
1254,0,29,AU,US,1,17,2607,45,3,0,0,0,0
1255,1,2372,NG,US,1,0,1,7,4,1,1,1,0
1256,0,62,US,US,0,22,659,88,4,0,0,0,1
1257,0,35,US,US,0,14,1089,67,6,0,0,0,1
1258,1,615,ID,US,1,1,1369,17,16,0,1,0,0
1259,1,66,US,US,0,0,36,23,7,0,0,0,0
1260,1,2356,US,US,0,19,540,7,7,1,0,0,0
1261,1,230,PH,US,1,20,29,21,22,0,1,1,0
1262,0,70,GB,US,1,15,3277,1,1,0,0,0,0
1263,0,78,US,US,0,17,3152,35,4,0,0,0,0
1264,1,683,US,US,0,13,1535,6,28,0,0,0,0
1265,1,95,KP,US,1,20,691,3,3,0,1,0,0
1266,0,81,US,US,0,11,1334,33,1,0,0,0,0
1267,1,3037,US,US,0,18,1093,6,29,1,0,0,0
1268,0,47,US,US,0,17,396,74,4,0,0,0,1
1269,0,74,US,US,0,8,579,13,4,0,0,0,0
1270,1,1049,RU,US,1,18,518,5,22,0,1,0,0
1271,0,38,US,US,0,21,883,14,11,0,0,0,0
1272,1,532,ID,US,1,20,260,6,15,0,1,0,0
1273,0,44,US,US,0,18,2505,64,10,0,0,0,1
1274,0,66,US,US,0,15,908,65,11,0,0,0,1
1275,1,2470,US,US,0,3,27,15,5,1,0,1,0
1276,0,687,US,US,0,3,2275,58,15,0,0,0,0
1277,1,3113,TH,US,1,3,4,5,14,1,1,1,0
1278,0,32,US,US,0,10,1343,7,5,0,0,0,0
1279,0,66,US,US,0,8,3076,49,1,0,0,0,0
1280,0,45,US,US,0,10,1607,69,4,0,0,0,1
1281,1,2376,KP,US,1,0,30,5,23,1,1,1,0
1282,0,25,DE,US,1,22,2115,4,5,0,0,0,0
1283,1,60,US,US,0,20,209,40,17,0,0,0,0
1284,0,61,US,US,0,9,2469,5,14,0,0,0,0
1285,0,54,US,US,0,22,6,78,8,0,0,1,0
1286,1,407,US,US,0,3,1304,33,8,0,0,0,0
1287,1,280,ID,US,1,23,16,4,1,0,1,1,0
1288,1,2326,KP,US,1,13,11,6,28,1,1,1,0
1289,1,2353,KP,CA,1,9,623,1,3,1,1,0,0
1290,0,25,US,US,0,10,2990,68,3,0,0,0,1
1291,0,70,US,US,0,14,18,61,4,0,0,1,0
1292,0,11,US,US,0,17,344,77,6,0,0,0,1
1293,0,53,JP,US,1,8,509,55,7,0,0,0,0
1294,0,56,US,US,0,8,1883,71,4,0,0,0,1
1295,0,84,US,AU,1,15,319,26,2,0,0,0,0
1296,1,530,BR,US,1,21,3,25,29,0,1,1,0
1297,0,6,US,US,0,12,21,51,3,0,0,1,0
1298,0,34,US,US,0,8,1266,34,3,0,0,0,0
1299,0,41,DE,US,1,19,46,24,7,0,0,0,0
1300,0,61,US,US,0,10,876,63,5,0,0,0,1
1301,1,2740,NG,US,1,0,698,3,8,1,1,0,0
1302,1,229,VN,US,1,23,30,5,4,0,1,1,0
1303,0,54,US,US,0,13,3118,14,4,0,0,0,0
1304,0,72,US,US,0,18,2040,44,14,0,0,0,0
1305,1,102,CN,US,1,21,804,41,22,0,1,0,0
1306,0,11,US,US,0,22,885,53,11,0,0,0,0
1307,0,69,US,US,0,23,1729,89,5,0,0,0,1
1308,1,839,US,US,0,3,962,7,27,0,0,0,0
1309,0,53,US,US,0,6,3514,29,4,0,0,0,0
1310,0,649,US,US,0,21,3192,14,5,0,0,0,0
1311,0,48,US,US,0,13,3638,51,10,0,0,0,0
1312,0,47,US,US,0,14,194,70,4,0,0,0,1
1313,0,27,US,US,0,15,2918,80,12,0,0,0,1
1314,1,703,CN,US,1,20,534,49,8,0,1,0,0
1315,1,14,US,US,0,21,1442,1,22,0,0,0,0
1316,1,2316,CN,US,1,15,1749,29,7,1,1,0,0
1317,1,2407,US,CA,1,21,1280,14,27,1,0,0,0
1318,0,56,US,US,0,11,2810,78,2,0,0,0,1
1319,0,84,US,AU,1,10,1916,10,14,0,0,0,0
1320,1,112,US,US,0,3,7,54,6,0,0,1,0
1321,0,301,US,US,0,5,3029,83,2,0,0,0,1
1322,0,98,US,US,0,21,3079,59,2,0,0,0,0
1323,0,41,US,US,0,20,3184,77,1,0,0,0,1
1324,0,80,US,US,0,17,1313,41,3,0,0,0,0
1325,1,661,US,US,0,20,337,47,23,0,0,0,0
1326,0,182,GB,US,1,11,1431,85,4,0,0,0,1
1327,0,157,US,US,0,13,2364,73,10,0,0,0,1
1328,1,2381,US,US,0,0,26,3,8,1,0,1,0
1329,0,67,US,US,0,19,3284,76,2,0,0,0,1
1330,0,26,US,US,0,0,1367,34,15,0,0,0,0
1331,0,157,US,US,0,9,1749,35,8,0,0,0,0
1332,0,8,US,US,0,5,1747,39,11,0,0,0,0
1333,0,45,US,US,0,11,326,25,5,0,0,0,0
1334,0,36,US,US,0,13,1443,48,13,0,0,0,0
1335,0,14,US,US,0,14,1171,43,10,0,0,0,0
1336,0,6,US,US,0,9,29,24,4,0,0,1,0
1337,1,809,BR,US,1,3,27,59,6,0,1,1,0
1338,0,56,US,US,0,17,2247,68,4,0,0,0,1
1339,0,34,US,US,0,19,1204,18,6,0,0,0,0
1340,0,75,US,US,0,18,2737,47,3,0,0,0,0
1341,0,79,US,US,0,22,556,55,5,0,0,0,0
1342,1,103,US,US,0,13,10,3,17,0,0,1,0
1343,1,617,VN,US,1,22,567,4,8,0,1,0,0
1344,1,1567,NG,US,1,21,6,58,18,1,1,1,0
1345,0,589,US,US,0,4,870,75,1,0,0,0,1
1346,1,2713,RU,US,1,22,68,30,2,1,1,0,0
1347,1,82,PH,US,1,23,1647,3,24,0,1,0,0
1348,0,48,US,US,0,21,3499,54,10,0,0,0,0
1349,0,238,US,US,0,10,1198,90,3,0,0,0,1
1350,0,62,US,US,0,21,120,71,7,0,0,0,0
1351,1,647,PH,US,1,3,7,20,7,0,1,1,0
1352,0,57,US,US,0,10,3380,24,2,0,0,0,0
1353,1,144,US,US,0,22,21,4,13,0,0,1,0
1354,0,60,US,US,0,22,1168,28,7,0,0,0,0
1355,0,134,US,US,0,10,1762,51,15,0,0,0,0
1356,0,27,US,US,0,18,2664,2,15,0,0,0,0
1357,1,829,US,US,0,21,30,37,30,0,0,1,0
1358,0,203,US,US,0,20,3608,46,10,0,0,0,0
1359,0,61,US,US,0,5,1678,34,14,0,0,0,0
1360,1,309,ID,US,1,12,410,2,30,0,1,0,0
1361,0,67,US,US,0,10,2716,53,13,0,0,0,0
1362,1,459,TH,US,1,2,685,1,15,0,1,0,0
1363,1,151,ID,US,1,0,659,4,26,0,1,0,0
1364,0,15,US,US,0,13,1669,41,6,0,0,0,0
1365,0,50,AU,US,1,2,719,41,8,0,0,0,0
1366,0,84,US,US,0,0,440,3,8,0,0,0,0
1367,0,101,US,US,0,8,1600,69,13,0,0,0,1
1368,1,820,ID,US,1,17,1535,26,3,0,1,0,0
1369,0,171,US,US,0,18,1847,82,7,0,0,0,1
1370,0,218,MX,US,1,15,3058,30,4,0,0,0,0
1371,1,2164,US,US,0,9,5,2,26,1,0,1,0
1372,0,175,US,GB,1,20,2870,87,1,0,0,0,1
1373,0,51,US,US,0,10,712,56,4,0,0,0,0
1374,1,172,PH,US,1,15,16,2,19,0,1,1,0
1375,1,144,BR,US,1,2,225,7,4,0,1,0,0
1376,1,132,US,US,0,22,1167,3,18,0,0,0,0
1377,1,137,PH,US,1,10,1368,1,5,0,1,0,0
1378,1,64,BR,US,1,18,756,1,12,0,1,0,0
1379,0,76,US,US,0,15,2235,39,3,0,0,0,0
1380,0,41,US,US,0,8,1725,32,1,0,0,0,0
1381,0,226,US,US,0,13,1768,44,5,0,0,0,0
1382,1,2467,US,US,0,20,8,29,6,1,0,1,0
1383,1,11,US,CA,1,0,14,2,6,0,0,1,0
1384,1,127,RU,US,1,20,1819,7,16,0,1,0,0
1385,0,190,US,US,0,13,1192,46,12,0,0,0,0
1386,0,43,US,US,0,11,1108,80,10,0,0,0,1
1387,1,2540,ID,US,1,19,198,37,3,1,1,0,0
1388,1,85,US,US,0,20,11,6,22,0,0,1,0
1389,0,98,US,US,0,17,569,17,15,0,0,0,0
1390,0,45,US,US,0,13,225,41,5,0,0,0,0
1391,0,588,US,US,0,5,1553,80,1,0,0,0,1
1392,1,3913,CN,US,1,22,27,32,16,1,1,1,0
1393,1,640,RU,GB,1,19,508,3,18,0,1,0,0
1394,0,147,US,US,0,21,25,33,9,0,0,1,0
1395,1,73,PH,US,1,20,6,1,29,0,1,1,0
1396,0,99,US,US,0,16,2287,21,1,0,0,0,0
1397,1,511,US,US,0,10,23,21,3,0,0,1,0
1398,0,444,US,US,0,4,7,88,8,0,0,1,0
1399,1,123,RU,US,1,16,14,2,18,0,1,1,0
1400,0,232,US,US,0,8,29,40,1,0,0,1,0
1401,0,497,US,US,0,11,431,87,2,0,0,0,1
1402,0,73,US,US,0,16,1408,41,6,0,0,0,0
1403,0,21,US,US,0,13,2833,49,1,0,0,0,0
1404,0,98,US,US,0,14,282,45,9,0,0,0,0
1405,0,28,JP,US,1,9,19,16,3,0,0,1,0
1406,1,2329,VN,US,1,21,1447,32,30,1,1,0,0
1407,0,0,US,US,0,16,3372,33,6,0,0,0,0
1408,1,439,TH,US,1,19,28,45,3,0,1,1,0
1409,1,621,US,US,0,1,22,3,6,0,0,1,0
1410,0,112,US,US,0,19,16,57,6,0,0,1,0
1411,1,288,BR,US,1,18,3,3,4,0,1,1,0
1412,0,80,US,US,0,5,1402,13,5,0,0,0,0
1413,0,37,FR,US,1,19,2398,85,5,0,0,0,1
1414,0,212,US,CA,1,0,2357,19,4,0,0,0,0
1415,0,6,US,US,0,18,851,56,1,0,0,0,0
1416,0,46,US,US,0,4,3445,30,4,0,0,0,0
1417,0,508,AU,US,1,18,2617,62,4,0,0,0,1
1418,1,2286,RU,US,1,0,1774,41,29,1,1,0,0
1419,1,1751,US,US,0,10,306,5,4,1,0,0,0
1420,0,14,US,US,0,12,1053,42,1,0,0,0,0
1421,1,56,NG,US,1,21,28,5,3,0,1,1,0
1422,1,9,ID,US,1,12,16,6,22,0,1,1,0
1423,0,74,US,US,0,19,1738,73,9,0,0,0,1
1424,0,124,DE,US,1,5,2763,88,4,0,0,0,1
1425,0,77,US,US,0,12,3240,23,15,0,0,0,0
1426,1,116,VN,US,1,23,1609,3,21,0,1,0,0
1427,0,72,US,US,0,9,1083,85,3,0,0,0,1
1428,1,688,VN,US,1,21,1681,6,17,0,1,0,0
1429,0,37,US,US,0,18,2772,75,2,0,0,0,1
1430,0,60,US,US,0,10,166,53,10,0,0,0,0
1431,0,50,US,US,0,21,3110,86,2,0,0,0,1
1432,1,50,US,US,0,0,59,32,4,0,0,0,0
1433,1,1932,KP,GB,1,19,24,45,4,1,1,1,0
1434,0,61,US,US,0,20,3590,31,2,0,0,0,0
1435,0,62,US,US,0,8,620,4,5,0,0,0,0
1436,1,2411,BR,US,1,23,1598,48,5,1,1,0,0
1437,0,55,US,US,0,22,3600,70,4,0,0,0,1
1438,1,132,US,US,0,1,872,44,11,0,0,0,0
1439,0,1,US,US,0,6,1162,1,1,0,0,0,0
1440,1,75,VN,US,1,0,996,54,4,0,1,0,0
1441,1,91,US,US,0,14,21,4,2,0,0,1,0
1442,0,88,US,US,0,22,10,55,2,0,0,1,0
1443,0,50,US,US,0,10,480,48,4,0,0,0,0
1444,0,80,US,US,0,12,2577,4,15,0,0,0,0
1445,0,51,US,US,0,21,20,63,6,0,0,1,0
1446,1,429,US,US,0,21,709,40,23,0,0,0,0
1447,0,42,US,US,0,8,3103,22,12,0,0,0,0
1448,1,73,TH,US,1,16,133,45,5,0,1,0,0
1449,0,68,US,US,0,8,183,65,3,0,0,0,1
1450,0,68,US,US,0,7,1530,59,1,0,0,0,0
1451,1,91,KP,US,1,14,1814,8,19,0,1,0,0
1452,0,753,US,US,0,10,3486,78,2,0,0,0,1
1453,1,726,CN,US,1,12,1606,3,25,0,1,0,0
1454,0,23,US,US,0,14,5,19,3,0,0,1,0
1455,0,107,US,US,0,20,1667,53,5,0,0,0,0
1456,0,72,US,CA,1,20,837,13,3,0,0,0,0
1457,0,30,US,US,0,3,2160,76,5,0,0,0,1
1458,1,871,CN,US,1,18,1412,1,1,0,1,0,0
1459,0,32,US,US,0,2,3,45,7,0,0,1,0
1460,0,51,US,US,0,22,2025,29,10,0,0,0,0
1461,1,2927,TH,US,1,13,7,28,22,1,1,1,0
1462,0,213,US,US,0,22,24,27,3,0,0,1,0
1463,0,20,US,US,0,17,673,47,4,0,0,0,0
1464,0,56,US,US,0,17,290,14,2,0,0,0,0
1465,0,100,US,US,0,22,3255,33,2,0,0,0,0
1466,0,20,US,US,0,17,664,73,1,0,0,0,1
1467,0,100,GB,US,1,6,2044,30,3,0,0,0,0
1468,0,67,US,US,0,9,28,31,4,0,0,1,0
1469,1,729,US,US,0,11,16,2,10,0,0,1,0
1470,0,98,US,US,0,22,1778,25,2,0,0,0,0
1471,0,92,MX,US,1,15,1597,13,5,0,0,0,0
1472,0,22,MX,US,1,16,812,72,3,0,0,0,1
1473,0,86,US,US,0,9,1206,18,7,0,0,0,0
1474,0,71,US,US,0,22,28,13,13,0,0,1,0
1475,0,68,US,US,0,17,1751,46,7,0,0,0,0
1476,0,26,US,US,0,8,1741,6,5,0,0,0,0
1477,1,141,KP,US,1,11,296,14,4,0,1,0,0
1478,0,135,US,US,0,18,28,19,6,0,0,1,0
1479,0,281,US,US,0,17,3406,22,5,0,0,0,0
1480,0,75,US,US,0,10,2721,61,1,0,0,0,1
1481,1,482,US,US,0,11,1786,6,10,0,0,0,0
1482,1,495,TH,US,1,3,25,8,1,0,1,1,0
1483,0,19,US,US,0,21,1330,29,7,0,0,0,0
1484,1,2380,NG,US,1,20,26,4,3,1,1,1,0
1485,1,121,RU,US,1,2,1031,6,21,0,1,0,0
1486,0,89,US,US,0,16,1532,24,11,0,0,0,0
1487,0,96,US,US,0,12,302,3,1,0,0,0,0
1488,0,202,US,US,0,15,538,22,1,0,0,0,0
1489,0,15,US,US,0,6,1178,66,12,0,0,0,1
1490,1,733,PH,US,1,0,836,1,8,0,1,0,0
1491,0,64,US,US,0,21,2651,87,15,0,0,0,1
1492,1,66,RU,US,1,3,1077,5,15,0,1,0,0
1493,1,665,VN,US,1,22,7,28,6,0,1,1,0
1494,0,69,US,US,0,10,12,38,2,0,0,1,0
1495,1,143,KP,US,1,2,767,16,7,0,1,0,0
1496,0,6,US,US,0,15,1355,85,2,0,0,0,1
1497,1,609,BR,US,1,19,1568,1,26,0,1,0,0
1498,0,50,US,US,0,17,1796,70,5,0,0,0,1
1499,1,2792,US,US,0,11,249,2,1,1,0,0,0
1500,0,48,US,US,0,10,1622,25,12,0,0,0,0
1501,1,84,US,US,0,0,22,1,2,0,0,1,0
1502,1,567,US,US,0,19,66,33,20,0,0,0,0
1503,1,75,KP,US,1,17,630,5,7,0,1,0,0
1504,0,68,US,US,0,19,2,27,5,0,0,1,0
1505,0,123,US,US,0,7,2829,68,3,0,0,0,1
1506,0,511,US,US,0,19,256,83,11,0,0,0,1
1507,0,102,US,AU,1,19,862,35,13,0,0,0,0
1508,0,38,US,US,0,21,751,12,12,0,0,0,0
1509,0,100,US,US,0,15,3167,32,6,0,0,0,0
1510,0,29,US,US,0,14,2042,56,14,0,0,0,0
1511,0,59,US,US,0,14,2594,68,2,0,0,0,1
1512,0,47,US,US,0,8,1662,64,14,0,0,0,1
1513,1,781,CN,US,1,2,427,7,2,0,1,0,0
1514,0,113,US,US,0,16,3460,24,15,0,0,0,0
1515,0,125,US,US,0,7,550,2,1,0,0,0,0
1516,0,63,US,US,0,15,2223,7,4,0,0,0,0
1517,0,580,US,US,0,17,379,54,15,0,0,0,0
1518,0,75,US,US,0,20,3029,54,3,0,0,0,0
1519,0,206,US,US,0,17,3456,28,12,0,0,0,0
1520,1,126,BR,AU,1,2,7,1,5,0,1,1,0
1521,0,13,CA,US,1,8,2407,56,4,0,0,0,0
1522,0,57,JP,US,1,11,1905,27,6,0,0,0,0
1523,0,31,US,US,0,10,3617,26,14,0,0,0,0
1524,0,96,US,US,0,17,529,7,8,0,0,0,0
1525,1,585,KP,US,1,0,13,43,1,0,1,1,0
1526,0,50,US,GB,1,16,3363,34,11,0,0,0,0
1527,1,3234,VN,US,1,1,15,11,7,1,1,1,0
1528,0,44,US,US,0,20,837,42,5,0,0,0,0
1529,0,70,US,US,0,9,19,84,2,0,0,1,0
1530,1,361,KP,US,1,21,255,17,7,0,1,0,0
1531,1,2294,US,US,0,3,629,3,7,1,0,0,0
1532,0,25,US,US,0,15,1852,6,2,0,0,0,0
1533,0,17,US,US,0,14,2427,86,13,0,0,0,1
1534,1,2433,VN,US,1,20,346,7,23,1,1,0,0
1535,0,135,JP,US,1,9,1172,23,15,0,0,0,0
1536,0,85,US,US,0,21,2773,56,13,0,0,0,0
1537,0,225,US,US,0,11,477,51,4,0,0,0,0
1538,0,56,US,US,0,9,3239,34,14,0,0,0,0
1539,0,82,US,US,0,19,2684,86,1,0,0,0,1
1540,0,73,US,US,0,11,1148,1,5,0,0,0,0
1541,0,69,US,US,0,13,623,75,15,0,0,0,1
1542,0,24,US,US,0,19,989,12,4,0,0,0,0
1543,1,1805,US,US,0,3,833,2,3,1,0,0,0
1544,0,13,US,US,0,7,997,63,9,0,0,0,1
1545,0,38,US,US,0,21,2469,25,10,0,0,0,0
1546,1,1626,US,US,0,21,13,1,1,1,0,1,0
1547,0,556,US,US,0,12,1588,29,15,0,0,0,0
1548,0,50,AU,CA,1,14,25,85,5,0,0,1,0
1549,0,32,US,US,0,13,241,85,10,0,0,0,1
1550,1,413,US,US,0,2,30,26,21,0,0,1,0
1551,1,663,BR,US,1,22,6,39,1,0,1,1,0
1552,0,190,US,US,0,10,1792,24,3,0,0,0,0
1553,1,395,US,US,0,19,765,52,7,0,0,0,0
1554,1,409,US,US,0,20,1089,5,7,0,0,0,0
1555,0,148,US,US,0,12,2956,83,15,0,0,0,1
1556,0,42,KR,GB,1,13,2128,28,5,0,0,0,0
1557,0,65,US,US,0,8,1709,33,8,0,0,0,0
1558,0,32,US,US,0,11,13,19,8,0,0,1,0
1559,0,176,GB,US,1,23,749,43,15,0,0,0,0
1560,0,47,US,US,0,19,273,59,3,0,0,0,0
1561,0,202,US,US,0,15,3027,7,1,0,0,0,0
1562,0,66,GB,US,1,9,6,75,3,0,0,1,0
1563,1,33,PH,US,1,15,1,13,11,0,1,1,0
1564,1,77,NG,US,1,20,3,33,30,0,1,1,0
1565,0,37,US,US,0,12,61,65,1,0,0,0,0
1566,1,130,PH,US,1,19,16,6,28,0,1,1,0
1567,1,702,NG,US,1,13,4,4,3,0,1,1,0
1568,1,609,CN,US,1,13,1090,3,10,0,1,0,0
1569,0,36,US,US,0,16,7,17,4,0,0,1,0
1570,1,440,US,US,0,0,427,3,1,0,0,0,0
1571,1,3298,US,US,0,18,478,5,4,1,0,0,0
1572,1,1568,RU,US,1,15,747,3,8,1,1,0,0
1573,0,94,US,US,0,12,2256,5,1,0,0,0,0
1574,1,262,ID,US,1,11,19,7,30,0,1,1,0
1575,0,6,US,US,0,15,3118,35,2,0,0,0,0
1576,1,99,US,US,0,2,1580,2,9,0,0,0,0
1577,1,220,KP,US,1,18,223,54,19,0,1,0,0
1578,0,75,US,US,0,9,2266,34,4,0,0,0,0
1579,1,1921,KP,US,1,11,13,4,4,1,1,1,0
1580,0,233,US,US,0,15,25,50,1,0,0,1,0
1581,0,56,US,US,0,15,3143,60,2,0,0,0,0
1582,1,489,PH,US,1,21,994,1,1,0,1,0,0
1583,1,176,NG,US,1,13,254,1,7,0,1,0,0
1584,0,542,US,US,0,15,3183,48,13,0,0,0,0
1585,1,179,PH,US,1,17,601,5,6,0,1,0,0
1586,1,674,US,US,0,21,215,51,8,0,0,0,0
1587,1,2018,VN,US,1,20,6,7,5,1,1,1,0
1588,0,24,US,US,0,19,2,15,15,0,0,1,0
1589,0,56,US,US,0,4,2197,67,11,0,0,0,1
1590,0,51,US,US,0,10,1885,47,6,0,0,0,0
1591,0,28,US,US,0,21,1465,89,5,0,0,0,1
1592,1,1016,VN,US,1,23,1232,5,1,0,1,0,0
1593,0,34,US,US,0,15,229,10,8,0,0,0,0
1594,0,32,US,US,0,14,1368,13,4,0,0,0,0
1595,1,198,ID,US,1,18,21,5,9,0,1,1,0
1596,0,110,US,US,0,4,26,12,5,0,0,1,0
1597,1,45,TH,US,1,22,646,25,5,0,1,0,0
1598,1,591,TH,US,1,3,24,6,3,0,1,1,0
1599,0,26,US,US,0,14,1846,63,8,0,0,0,1
1600,1,129,CN,US,1,13,1113,6,22,0,1,0,0
1601,1,2157,ID,CA,1,2,999,4,19,1,1,0,0
1602,1,101,KP,US,1,1,6,43,13,0,1,1,0
1603,0,59,US,US,0,12,277,3,2,0,0,0,0
1604,0,284,US,US,0,11,2431,57,11,0,0,0,0
1605,0,241,US,US,0,18,2909,5,4,0,0,0,0
1606,1,649,US,US,0,20,28,1,5,0,0,1,0
1607,0,88,GB,US,1,18,3353,18,4,0,0,0,0
1608,0,8,US,US,0,15,1557,67,2,0,0,0,1
1609,0,92,US,US,0,19,1219,87,2,0,0,0,1
1610,0,58,US,US,0,9,16,25,8,0,0,1,0
1611,1,1567,VN,US,1,19,13,3,15,1,1,1,0
1612,1,9,CN,US,1,19,586,7,7,0,1,0,0
1613,0,64,US,US,0,11,3087,10,5,0,0,0,0
1614,0,90,US,US,0,8,3029,73,1,0,0,0,1
1615,1,526,US,US,0,1,14,38,9,0,0,1,0
1616,0,8,US,US,0,19,2074,3,11,0,0,0,0
1617,1,1867,KP,US,1,3,1053,24,29,1,1,0,0
1618,0,141,US,US,0,21,1943,59,6,0,0,0,0
1619,0,179,US,US,0,7,28,31,3,0,0,1,0
1620,1,45,RU,US,1,11,12,5,4,0,1,1,0
1621,0,49,US,US,0,9,640,43,8,0,0,0,0
1622,0,202,US,US,0,3,414,54,1,0,0,0,0
1623,1,360,US,US,0,0,5,4,8,0,0,1,0
1624,1,2514,KP,US,1,2,1110,58,7,1,1,0,0
1625,0,183,US,US,0,19,23,57,12,0,0,1,0
1626,1,1592,CN,US,1,9,123,6,5,1,1,0,0
1627,0,306,US,CA,1,21,730,16,9,0,0,0,0
1628,1,129,ID,US,1,0,1,57,7,0,1,1,0
1629,1,194,KP,US,1,23,27,5,6,0,1,1,0
1630,1,122,US,US,0,0,7,23,29,0,0,1,0
1631,0,27,US,US,0,17,691,8,4,0,0,0,0
1632,0,14,US,US,0,22,3538,41,11,0,0,0,0
1633,0,184,US,US,0,9,27,27,14,0,0,1,0
1634,0,294,US,US,0,17,3256,68,7,0,0,0,1
1635,0,51,US,US,0,22,182,32,10,0,0,0,0
1636,1,200,BR,US,1,1,488,7,6,0,1,0,0
1637,1,423,VN,US,1,19,21,29,29,0,1,1,0
1638,0,232,US,US,0,18,247,16,15,0,0,0,0
1639,1,412,BR,US,1,0,16,48,12,0,1,1,0
1640,1,1833,TH,US,1,12,171,52,1,1,1,0,0
1641,0,28,US,US,0,2,54,67,14,0,0,0,0
1642,1,1398,US,US,0,2,1321,14,14,0,0,0,0
1643,1,613,TH,US,1,1,789,10,19,0,1,0,0
1644,1,3289,VN,US,1,13,129,5,15,1,1,0,0
1645,1,765,PH,US,1,23,1517,6,21,0,1,0,0
1646,0,53,US,US,0,16,1990,67,8,0,0,0,1
1647,0,80,US,US,0,19,3434,18,5,0,0,0,0
1648,1,2566,TH,US,1,0,1779,4,23,1,1,0,0
1649,0,51,US,US,0,16,2,9,12,0,0,1,0
1650,0,34,US,US,0,18,1548,11,4,0,0,0,0
1651,0,48,US,US,0,14,180,24,1,0,0,0,0
1652,1,2558,BR,US,1,1,4,2,2,1,1,1,0
1653,0,218,US,AU,1,14,1738,65,3,0,0,0,1
1654,1,2819,US,US,0,1,12,1,6,1,0,1,0
1655,1,1962,PH,US,1,19,8,5,7,1,1,1,0
1656,1,2146,US,US,0,1,334,6,7,1,0,0,0
1657,0,78,US,US,0,12,844,84,13,0,0,0,1
1658,0,30,US,US,0,12,1293,37,8,0,0,0,0
1659,0,74,US,GB,1,19,1108,56,4,0,0,0,0
1660,0,254,US,US,0,15,810,21,4,0,0,0,0
1661,0,22,US,US,0,15,1699,18,4,0,0,0,0
1662,1,3011,NG,US,1,1,6,17,6,1,1,1,0
1663,0,177,US,US,0,15,1424,20,5,0,0,0,0
1664,0,23,US,CA,1,13,2283,4,1,0,0,0,0
1665,0,19,US,US,0,14,10,54,15,0,0,1,0
1666,1,523,KP,US,1,19,1557,4,13,0,1,0,0
1667,0,88,US,US,0,15,21,5,14,0,0,1,0
1668,1,203,US,US,0,3,848,42,10,0,0,0,0
1669,0,57,US,US,0,12,604,14,4,0,0,0,0
1670,0,59,US,US,0,6,1587,74,4,0,0,0,1
1671,1,724,KP,US,1,14,413,5,8,0,1,0,0
1672,0,51,US,US,0,10,475,9,3,0,0,0,0
1673,1,213,ID,US,1,1,22,12,3,0,1,1,0
1674,0,56,CA,US,1,9,57,20,5,0,0,0,0
1675,0,116,US,US,0,22,2896,25,7,0,0,0,0
1676,1,658,ID,US,1,0,2,6,6,0,1,1,0
1677,0,112,US,GB,1,13,3351,41,11,0,0,0,0
1678,1,783,US,US,0,18,1782,3,5,0,0,0,0
1679,0,91,US,US,0,19,3464,12,12,0,0,0,0
1680,0,62,US,US,0,13,27,20,2,0,0,1,0
1681,0,133,US,US,0,22,23,72,9,0,0,1,0
1682,0,47,US,US,0,12,3394,26,2,0,0,0,0
1683,1,1432,VN,US,1,23,185,18,23,0,1,0,0
1684,0,104,US,US,0,8,2769,2,12,0,0,0,0
1685,1,52,RU,US,1,23,1026,4,8,0,1,0,0
1686,1,2340,US,US,0,20,812,5,1,1,0,0,0
1687,0,22,US,US,0,16,119,14,11,0,0,0,0
1688,0,37,US,US,0,19,1218,79,1,0,0,0,1
1689,1,134,BR,CA,1,22,1182,54,13,0,1,0,0
1690,1,516,VN,US,1,2,310,5,11,0,1,0,0
1691,1,110,US,US,0,3,336,6,4,0,0,0,0
1692,0,24,MX,US,1,15,1788,59,12,0,0,0,0
1693,0,55,US,US,0,13,1582,10,5,0,0,0,0
1694,1,42,PH,US,1,19,1729,12,16,0,1,0,0
1695,0,33,MX,US,1,12,3626,75,5,0,0,0,1
1696,1,6,US,US,0,9,24,7,15,0,0,1,0
1697,1,294,US,US,0,0,1592,7,10,0,0,0,0
1698,0,51,US,US,0,10,3271,5,9,0,0,0,0
1699,0,58,US,US,0,11,3497,44,3,0,0,0,0
1700,1,112,US,US,0,23,1201,21,8,0,0,0,0
1701,0,50,US,US,0,9,1777,4,12,0,0,0,0
1702,1,123,US,US,0,2,1360,5,10,0,0,0,0
1703,0,26,JP,US,1,19,18,24,3,0,0,1,0
1704,1,219,ID,US,1,20,7,3,10,0,1,1,0
1705,0,38,KR,US,1,1,1,71,2,0,0,1,0
1706,1,333,VN,US,1,0,315,1,8,0,1,0,0
1707,0,51,US,US,0,22,2219,3,8,0,0,0,0
1708,1,79,KP,US,1,0,27,6,28,0,1,1,0
1709,1,2589,PH,US,1,19,914,42,19,1,1,0,0
1710,1,94,VN,US,1,0,461,4,15,0,1,0,0
1711,0,267,US,US,0,21,1018,54,1,0,0,0,0
1712,0,47,US,US,0,20,13,86,8,0,0,1,0
1713,0,38,US,US,0,3,3032,14,14,0,0,0,0
1714,1,670,RU,US,1,3,515,7,3,0,1,0,0
1715,0,184,US,US,0,20,3339,70,14,0,0,0,1
1716,0,115,US,US,0,4,1708,53,8,0,0,0,0
1717,1,3185,PH,US,1,0,18,7,2,1,1,1,0
1718,1,91,PH,US,1,2,29,22,19,0,1,1,0
1719,0,33,US,US,0,14,16,36,12,0,0,1,0
1720,0,95,US,CA,1,9,2405,39,4,0,0,0,0
1721,1,595,US,US,0,18,1003,34,5,0,0,0,0
1722,0,227,US,US,0,8,2256,66,3,0,0,0,1
1723,0,70,US,US,0,18,8,30,8,0,0,1,0
1724,0,258,US,US,0,17,1297,74,3,0,0,0,1
1725,0,22,US,US,0,17,14,66,9,0,0,1,0
1726,0,181,US,US,0,13,2319,19,3,0,0,0,0
1727,0,70,FR,US,1,18,2252,82,10,0,0,0,1
1728,0,61,US,US,0,15,3129,61,11,0,0,0,1
1729,1,3,NG,US,1,21,383,32,9,0,1,0,0
1730,0,283,US,US,0,10,504,44,14,0,0,0,0
1731,0,210,US,US,0,11,1310,63,4,0,0,0,1
1732,0,60,US,US,0,19,28,83,7,0,0,1,0
1733,0,14,US,US,0,21,2467,36,5,0,0,0,0
1734,0,48,US,GB,1,12,1229,17,2,0,0,0,0
1735,0,522,JP,US,1,8,2256,1,1,0,0,0,0
1736,0,163,AU,US,1,21,328,90,2,0,0,0,1
1737,0,61,US,US,0,9,280,73,12,0,0,0,1
1738,1,118,US,US,0,22,16,16,11,0,0,1,0
1739,0,36,GB,US,1,10,25,48,1,0,0,1,0
1740,1,1794,US,US,0,1,27,58,1,1,0,1,0
1741,0,60,US,US,0,0,1301,35,1,0,0,0,0
1742,0,41,US,US,0,22,2269,39,12,0,0,0,0
1743,1,846,PH,US,1,0,18,4,13,0,1,1,0
1744,1,98,NG,US,1,19,501,43,24,0,1,0,0
1745,1,124,ID,US,1,22,93,5,7,0,1,0,0
1746,0,53,US,US,0,13,1088,28,14,0,0,0,0
1747,0,69,US,US,0,15,2653,54,2,0,0,0,0
1748,1,586,US,US,0,3,127,4,3,0,0,0,0
1749,0,51,DE,US,1,21,2260,47,5,0,0,0,0
1750,0,158,US,US,0,8,1608,55,3,0,0,0,0
1751,1,433,ID,US,1,9,18,29,5,0,1,1,0
1752,1,3310,PH,US,1,2,3,6,6,1,1,1,0
1753,1,600,US,US,0,1,408,54,5,0,0,0,0
1754,0,39,US,US,0,22,2970,28,14,0,0,0,0
1755,0,73,US,US,0,11,2202,80,1,0,0,0,1
1756,0,116,US,US,0,10,2650,26,3,0,0,0,0
1757,0,105,US,US,0,20,2542,12,1,0,0,0,0
1758,0,811,JP,US,1,19,3560,20,8,0,0,0,0
1759,0,39,US,US,0,13,633,86,15,0,0,0,1
1760,0,48,US,US,0,7,6,41,1,0,0,1,0
1761,0,22,US,US,0,19,989,46,2,0,0,0,0
1762,0,93,US,US,0,20,2519,25,3,0,0,0,0
1763,1,1963,US,US,0,1,1683,5,21,1,0,0,0
1764,0,62,AU,US,1,9,3165,47,8,0,0,0,0
1765,0,212,US,US,0,12,16,32,15,0,0,1,0
1766,0,37,US,US,0,13,975,36,12,0,0,0,0
1767,1,984,CN,US,1,18,26,32,4,0,1,1,0
1768,1,399,RU,US,1,21,5,5,9,0,1,1,0
1769,1,519,US,US,0,21,935,5,23,0,0,0,0
1770,1,137,TH,US,1,18,1436,22,7,0,1,0,0
1771,0,41,US,US,0,6,27,77,4,0,0,1,0
1772,0,22,US,US,0,14,531,81,8,0,0,0,1
1773,0,17,US,US,0,19,112,60,8,0,0,0,0
1774,0,41,US,US,0,0,2625,46,4,0,0,0,0
1775,0,23,US,US,0,5,590,75,2,0,0,0,1
1776,0,64,DE,US,1,8,2776,10,2,0,0,0,0
1777,0,61,US,US,0,12,2108,86,5,0,0,0,1
1778,0,24,US,US,0,12,19,15,14,0,0,1,0
1779,0,147,US,US,0,15,887,72,1,0,0,0,1
1780,0,75,US,US,0,20,2692,82,15,0,0,0,1
1781,1,732,VN,AU,1,23,1371,52,3,0,1,0,0
1782,1,908,CN,US,1,16,852,1,27,0,1,0,0
1783,0,47,US,US,0,6,259,42,5,0,0,0,0
1784,0,363,US,US,0,14,1189,74,3,0,0,0,1
1785,0,52,US,US,0,9,2310,42,4,0,0,0,0
1786,0,416,JP,US,1,9,26,6,8,0,0,1,0
1787,1,570,US,US,0,22,1388,36,6,0,0,0,0
1788,0,413,US,US,0,11,3022,53,1,0,0,0,0
1789,0,510,US,US,0,18,63,32,3,0,0,0,0
1790,1,146,KP,US,1,18,11,40,2,0,1,1,0
1791,1,177,KP,US,1,3,1,18,2,0,1,1,0
1792,1,457,US,US,0,0,437,37,6,0,0,0,0
1793,0,146,US,US,0,13,488,90,11,0,0,0,1
1794,0,59,US,US,0,9,1621,78,14,0,0,0,1
1795,0,515,US,US,0,16,2845,74,15,0,0,0,1
1796,0,32,US,AU,1,14,2122,42,3,0,0,0,0
1797,0,58,US,US,0,19,1353,48,11,0,0,0,0
1798,0,92,US,US,0,20,818,45,4,0,0,0,0
1799,1,435,PH,US,1,18,25,7,3,0,1,1,0
1800,0,76,US,US,0,15,4,67,13,0,0,1,0
1801,0,11,US,US,0,22,11,61,3,0,0,1,0
1802,0,238,US,US,0,8,1845,39,4,0,0,0,0
1803,1,29,RU,US,1,1,186,3,27,0,1,0,0
1804,0,235,US,US,0,10,2301,87,11,0,0,0,1
1805,0,58,US,US,0,8,2500,13,13,0,0,0,0
1806,1,92,CN,US,1,19,28,2,6,0,1,1,0
1807,0,48,US,US,0,22,12,2,1,0,0,1,0
1808,1,79,US,US,0,22,931,27,24,0,0,0,0
1809,0,31,US,US,0,21,2146,38,4,0,0,0,0
1810,1,346,PH,US,1,2,6,1,5,0,1,1,0
1811,0,25,US,US,0,22,1639,35,14,0,0,0,0
1812,0,51,US,US,0,13,1113,42,2,0,0,0,0
1813,0,57,CA,US,1,12,304,18,1,0,0,0,0
1814,0,83,FR,GB,1,5,3,24,1,0,0,1,0
1815,1,116,TH,US,1,23,782,2,26,0,1,0,0
1816,0,537,US,US,0,2,1796,35,5,0,0,0,0
1817,0,112,US,US,0,16,1139,19,1,0,0,0,0
1818,0,105,US,US,0,15,1414,55,2,0,0,0,0
1819,0,66,MX,US,1,12,722,3,13,0,0,0,0
1820,1,42,NG,US,1,19,1148,40,22,0,1,0,0
1821,1,102,KP,US,1,0,370,44,12,0,1,0,0
1822,1,1369,TH,US,1,2,1384,3,25,0,1,0,0
1823,1,1661,ID,US,1,17,1661,45,7,1,1,0,0
1824,0,68,US,US,0,21,1204,33,3,0,0,0,0
1825,0,186,US,US,0,11,1573,42,1,0,0,0,0
1826,0,612,US,US,0,14,1340,20,4,0,0,0,0
1827,1,46,US,US,0,2,3,12,1,0,0,1,0
1828,0,57,US,US,0,19,1044,77,6,0,0,0,1
1829,0,198,US,US,0,12,1385,1,2,0,0,0,0
1830,1,2317,US,US,0,3,1115,15,30,1,0,0,0
1831,0,50,US,US,0,15,618,13,2,0,0,0,0
1832,1,60,TH,US,1,21,13,5,27,0,1,1,0
1833,0,222,US,US,0,2,26,62,13,0,0,1,0
1834,1,502,US,US,0,2,381,38,2,0,0,0,0
1835,0,254,US,US,0,14,814,86,13,0,0,0,1
1836,1,97,US,US,0,22,14,5,7,0,0,1,0
1837,0,70,US,US,0,18,21,89,9,0,0,1,0
1838,0,36,US,US,0,17,1215,65,7,0,0,0,1
1839,0,85,US,US,0,14,13,4,15,0,0,1,0
1840,1,437,US,US,0,0,4,22,20,0,0,1,0
1841,0,65,US,US,0,18,1407,41,6,0,0,0,0
1842,0,173,US,US,0,19,3189,12,14,0,0,0,0
1843,1,493,NG,US,1,13,1686,7,12,0,1,0,0
1844,1,637,RU,US,1,12,1656,4,12,0,1,0,0
1845,0,35,US,US,0,20,1263,14,4,0,0,0,0
1846,1,149,US,US,0,18,401,5,14,0,0,0,0
1847,0,67,US,US,0,22,251,31,3,0,0,0,0
1848,0,463,US,US,0,21,3200,28,8,0,0,0,0
1849,1,322,CN,US,1,11,1491,4,18,0,1,0,0
1850,0,34,US,US,0,9,1685,1,2,0,0,0,0
1851,0,157,US,US,0,12,6,3,2,0,0,1,0
1852,1,2611,RU,US,1,3,27,18,5,1,1,1,0
1853,1,199,VN,US,1,0,11,7,1,0,1,1,0
1854,1,2039,PH,US,1,3,749,1,2,1,1,0,0
1855,0,399,US,US,0,10,1291,1,3,0,0,0,0
1856,0,57,US,US,0,11,1506,56,15,0,0,0,0
1857,0,61,JP,US,1,14,1509,46,2,0,0,0,0
1858,1,1449,BR,US,1,3,807,59,26,0,1,0,0
1859,0,53,US,US,0,21,3125,8,1,0,0,0,0
1860,0,150,US,US,0,12,2004,38,10,0,0,0,0
1861,1,573,PH,US,1,3,2,52,6,0,1,1,0
1862,0,2,US,US,0,8,3406,1,5,0,0,0,0
1863,0,46,US,US,0,16,1504,54,3,0,0,0,0
1864,0,56,US,US,0,12,3148,49,5,0,0,0,0
1865,0,149,US,US,0,16,3,6,4,0,0,1,0
1866,0,58,CA,US,1,18,3580,61,7,0,0,0,1
1867,1,1892,US,US,0,22,668,51,9,1,0,0,0
1868,0,38,JP,US,1,22,3098,45,14,0,0,0,0
1869,0,66,US,US,0,11,2782,69,12,0,0,0,1
1870,1,435,VN,US,1,2,1733,2,23,0,1,0,0
1871,1,136,RU,US,1,19,1492,7,7,0,1,0,0
1872,1,72,CN,US,1,18,12,6,12,0,1,1,0
1873,1,552,US,US,0,0,236,3,4,0,0,0,0
1874,0,45,US,US,0,22,3490,28,11,0,0,0,0
1875,1,110,US,US,0,23,3,7,2,0,0,1,0
1876,1,620,US,US,0,22,1374,39,25,0,0,0,0
1877,0,67,US,US,0,5,1026,50,5,0,0,0,0
1878,1,2442,KP,US,1,23,13,3,4,1,1,1,0
1879,0,83,US,US,0,0,1995,59,13,0,0,0,0
1880,0,177,US,US,0,9,339,60,1,0,0,0,0
1881,0,92,US,US,0,13,1073,87,5,0,0,0,1
1882,0,55,CA,US,1,8,14,45,2,0,0,1,0
1883,1,181,KP,US,1,21,20,2,27,0,1,1,0
1884,0,91,US,US,0,2,18,81,3,0,0,1,0
1885,1,151,TH,US,1,1,21,1,9,0,1,1,0
1886,0,63,US,US,0,0,187,64,4,0,0,0,1
1887,0,6,US,US,0,6,1406,66,1,0,0,0,1
1888,1,453,BR,US,1,2,68,59,7,0,1,0,0
1889,0,3,US,US,0,9,2359,66,5,0,0,0,1
1890,0,59,US,US,0,21,617,10,5,0,0,0,0
1891,0,35,US,US,0,19,823,32,4,0,0,0,0
1892,1,2545,US,US,0,20,885,46,4,1,0,0,0
1893,0,43,US,US,0,12,189,38,7,0,0,0,0
1894,0,479,US,US,0,15,3248,60,15,0,0,0,0
1895,1,2848,ID,US,1,0,28,42,1,1,1,1,0
1896,1,676,TH,US,1,12,27,15,6,0,1,1,0
1897,1,185,VN,US,1,13,22,7,4,0,1,1,0
1898,0,166,US,US,0,1,589,46,14,0,0,0,0
1899,0,120,US,US,0,12,2960,54,15,0,0,0,0
1900,0,646,US,US,0,17,3338,12,1,0,0,0,0
1901,0,49,US,US,0,13,2810,59,1,0,0,0,0
1902,0,25,US,US,0,13,689,70,5,0,0,0,1
1903,0,20,US,US,0,17,1551,27,3,0,0,0,0
1904,1,83,BR,US,1,3,2,11,4,0,1,1,0
1905,0,71,US,US,0,9,254,4,1,0,0,0,0
1906,0,157,US,US,0,18,2930,79,6,0,0,0,1
1907,0,57,US,US,0,19,1228,46,8,0,0,0,0
1908,0,54,FR,US,1,9,868,5,2,0,0,0,0
1909,0,405,US,US,0,18,762,37,5,0,0,0,0
1910,0,35,US,US,0,16,2826,20,2,0,0,0,0
1911,0,218,US,US,0,10,996,37,5,0,0,0,0
1912,0,116,US,US,0,8,2004,50,5,0,0,0,0
1913,0,14,US,US,0,17,1431,38,3,0,0,0,0
1914,1,3206,KP,US,1,23,1554,29,23,1,1,0,0
1915,0,39,MX,US,1,19,2947,28,2,0,0,0,0
1916,0,7,US,US,0,9,2227,25,14,0,0,0,0
1917,0,76,US,US,0,20,833,56,5,0,0,0,0
1918,0,57,US,US,0,11,1308,72,6,0,0,0,1
1919,0,75,US,GB,1,20,1181,11,1,0,0,0,0
1920,0,54,US,US,0,14,962,62,12,0,0,0,1
1921,0,50,US,US,0,18,670,84,10,0,0,0,1
1922,1,1990,ID,US,1,2,321,1,2,1,1,0,0
1923,1,809,ID,US,1,13,6,2,21,0,1,1,0
1924,1,1261,NG,US,1,1,20,30,6,0,1,1,0
1925,1,1479,RU,US,1,2,25,2,3,0,1,1,0
1926,0,9,US,US,0,16,238,60,4,0,0,0,0
1927,0,111,US,US,0,18,2459,43,11,0,0,0,0
1928,1,291,KP,US,1,19,265,21,21,0,1,0,0
1929,1,1151,KP,US,1,22,118,2,26,0,1,0,0
1930,0,95,US,US,0,19,921,24,3,0,0,0,0
1931,0,527,US,US,0,11,28,57,6,0,0,1,0
1932,0,29,KR,US,1,12,514,90,14,0,0,0,1
1933,0,43,US,US,0,5,1505,58,1,0,0,0,0
1934,0,77,KR,US,1,22,1346,40,7,0,0,0,0
1935,0,56,US,US,0,8,50,31,6,0,0,0,0
1936,0,42,US,US,0,11,667,47,1,0,0,0,0
1937,0,148,US,US,0,14,3612,45,8,0,0,0,0
1938,1,507,VN,US,1,9,158,3,3,0,1,0,0
1939,0,11,US,US,0,9,2390,5,4,0,0,0,0
1940,0,49,US,US,0,21,1484,25,5,0,0,0,0
1941,0,138,US,US,0,20,3342,49,5,0,0,0,0
1942,1,2223,NG,US,1,19,13,6,1,1,1,1,0
1943,0,72,US,US,0,19,3218,34,2,0,0,0,0
1944,0,13,US,US,0,16,3204,83,4,0,0,0,1
1945,0,73,US,US,0,22,2456,86,1,0,0,0,1
1946,0,56,US,US,0,13,2044,38,1,0,0,0,0
1947,0,68,US,US,0,14,29,65,15,0,0,1,0
1948,0,37,US,US,0,10,112,74,6,0,0,0,0
1949,1,2708,PH,US,1,20,11,1,17,1,1,1,0
1950,0,21,US,US,0,14,2511,57,12,0,0,0,0
1951,1,96,US,US,0,23,7,3,18,0,0,1,0
1952,1,740,US,US,0,21,16,36,19,0,0,1,0
1953,1,31,ID,US,1,23,424,6,14,0,1,0,0
1954,0,51,US,US,0,16,2904,33,5,0,0,0,0
1955,0,28,US,US,0,9,2814,59,2,0,0,0,0
1956,0,64,US,US,0,13,2397,78,9,0,0,0,1
1957,0,59,US,US,0,17,272,30,6,0,0,0,0
1958,0,15,US,US,0,16,1059,23,8,0,0,0,0
1959,1,2632,KP,US,1,17,658,31,6,1,1,0,0
1960,1,242,ID,US,1,2,3,5,1,0,1,1,0
1961,1,63,BR,US,1,2,4,4,21,0,1,1,0
1962,0,52,US,US,0,20,15,61,6,0,0,1,0
1963,1,746,PH,US,1,21,1497,58,6,0,1,0,0
1964,1,143,US,US,0,2,10,4,7,0,0,1,0
1965,0,19,US,US,0,10,2286,88,5,0,0,0,1
1966,0,35,US,US,0,16,601,46,3,0,0,0,0
1967,1,156,US,US,0,19,19,33,27,0,0,1,0
1968,1,97,VN,US,1,0,1426,4,5,0,1,0,0
1969,1,599,VN,US,1,9,23,1,15,0,1,1,0
1970,0,152,US,US,0,11,1630,82,1,0,0,0,1
1971,0,60,US,US,0,12,2582,81,2,0,0,0,1
1972,0,433,US,US,0,17,2610,36,4,0,0,0,0
1973,0,69,CA,US,1,9,1258,1,15,0,0,0,0
1974,0,23,US,US,0,16,71,16,6,0,0,0,0
1975,0,71,FR,US,1,9,766,65,1,0,0,0,1
1976,0,263,US,US,0,16,2285,69,8,0,0,0,1
1977,1,1527,US,US,0,23,726,3,1,1,0,0,0
1978,1,61,TH,US,1,21,509,4,3,0,1,0,0
1979,0,55,US,US,0,15,3050,36,1,0,0,0,0
1980,0,41,US,US,0,8,1301,63,5,0,0,0,1
1981,1,563,US,US,0,3,16,60,26,0,0,1,0
1982,0,244,US,AU,1,15,490,72,5,0,0,0,1
1983,0,99,US,US,0,16,1230,25,12,0,0,0,0
1984,0,64,JP,US,1,16,3131,7,1,0,0,0,0
1985,1,162,US,US,0,2,1480,2,5,0,0,0,0
1986,0,33,KR,US,1,16,2967,26,2,0,0,0,0
1987,0,66,US,US,0,22,1182,5,2,0,0,0,0
1988,1,39,US,US,0,3,771,12,7,0,0,0,0
1989,1,136,US,US,0,11,3,7,2,0,0,1,0
1990,1,84,CN,US,1,18,569,24,27,0,1,0,0
1991,0,75,US,US,0,21,2998,45,2,0,0,0,0
1992,0,342,US,US,0,13,1103,49,3,0,0,0,0
1993,0,135,US,US,0,23,476,28,14,0,0,0,0
1994,1,674,ID,US,1,21,1809,16,7,0,1,0,0
1995,0,71,US,US,0,12,14,74,7,0,0,1,0
1996,1,312,ID,US,1,1,400,7,30,0,1,0,0
1997,1,143,CN,US,1,0,11,2,2,0,1,1,0
1998,0,62,MX,US,1,12,22,86,6,0,0,1,0
1999,0,35,US,US,0,17,1954,6,14,0,0,0,0
2000,0,55,US,US,0,16,2712,58,5,0,0,0,0
